Date,USDKRW BOKR Curncy,,,
2004-04-12,1141.8,,,
2004-04-13,1141.1,,,
2004-04-14,1151.3,,,
2004-04-16,1160.1,,,
2004-04-19,1153.8,,,
2004-04-20,1151.4,,,
2004-04-21,1154.9,,,
2004-04-22,1159.8,,,
2004-04-23,1158.3,,,
2004-04-26,1155,,,
2004-04-27,1152,,,
2004-04-28,1156.4,,,
2004-04-29,1170.7,,,
2004-04-30,1173.3,,,
2004-05-03,1171.8,,,
2004-05-04,1170,,,
2004-05-06,1166.1,,,
2004-05-07,1171.1,,,
2004-05-10,1183.1,,,
2004-05-11,1188.5,,,
2004-05-12,1181.5,,,
2004-05-13,1185.6,,,
2004-05-14,1187,,,
2004-05-17,1183.5,,,
2004-05-18,1182,,,
2004-05-19,1173.3,,,
2004-05-20,1180,,,
2004-05-21,1175.3,,,
2004-05-24,1177.2,,,
2004-05-25,1177.7,,,
2004-05-27,1169.8,,,
2004-05-28,1164.9,,,
2004-05-31,1160.1,,,
2004-06-01,1160.6,,,
2004-06-02,1164.8,,,
2004-06-03,1164.4,,,
2004-06-07,1159.1,,,
2004-06-08,1158.2,,,
2004-06-09,1154.2,,,
2004-06-10,1159.4,,,
2004-06-11,1164,,,
2004-06-14,1162.4,,,
2004-06-15,1163.4,,,
2004-06-16,1157.1,,,
2004-06-17,1157.3,,,
2004-06-18,1160,,,
2004-06-21,1156.7,,,
2004-06-22,1158.4,,,
2004-06-23,1159.7,,,
2004-06-24,1155.7,,,
2004-06-25,1149.8,,,
2004-06-28,1152.5,,,
2004-06-29,1151.9,,,
2004-06-30,1155.5,,,
2004-07-01,1152.7,,,
2004-07-02,1155.1,,,
2004-07-05,1152.7,,,
2004-07-06,1154.9,,,
2004-07-07,1152,,,
2004-07-08,1150,,,
2004-07-09,1149.3,,,
2004-07-12,1147.6,,,
2004-07-13,1149.8,,,
2004-07-14,1153,,,
2004-07-15,1160.9,,,
2004-07-16,1164.5,,,
2004-07-19,1157.5,,,
2004-07-20,1160.7,,,
2004-07-21,1159,,,
2004-07-22,1162.4,,,
2004-07-23,1166.2,,,
2004-07-26,1161.3,,,
2004-07-27,1164.8,,,
2004-07-29,1168.3,,,
2004-07-30,1170,,,
2004-08-02,1164.8,,,
2004-08-03,1165.2,,,
2004-08-04,1167.6,,,
2004-08-05,1163.4,,,
2004-08-06,1162.6,,,
2004-08-09,1156.3,,,
2004-08-10,1155,,,
2004-08-11,1159.7,,,
2004-08-12,1157.5,,,
2004-08-13,1162.3,,,
2004-08-16,1159.1,,,
2004-08-17,1157.6,,,
2004-08-18,1157.8,,,
2004-08-19,1155.1,,,
2004-08-20,1154.3,,,
2004-08-23,1153.2,,,
2004-08-24,1156,,,
2004-08-25,1156.4,,,
2004-08-26,1153.7,,,
2004-08-27,1153,,,
2004-08-30,1154.5,,,
2004-08-31,1153,,,
2004-09-01,1151.8,,,
2004-09-02,1150.5,,,
2004-09-03,1150,,,
2004-09-06,1152.9,,,
2004-09-07,1150.8,,,
2004-09-08,1149.7,,,
2004-09-09,1145.1,,,
2004-09-10,1145.8,,,
2004-09-13,1145,,,
2004-09-14,1145.1,,,
2004-09-15,1144.2,,,
2004-09-16,1145.8,,,
2004-09-17,1146.7,,,
2004-09-20,1146.3,,,
2004-09-21,1146.9,,,
2004-09-22,1144.2,,,
2004-09-23,1146.3,,,
2004-09-24,1149.5,,,
2004-09-30,1151.8,,,
2004-10-01,1148.8,,,
2004-10-04,1149.6,,,
2004-10-05,1148.6,,,
2004-10-06,1152.6,,,
2004-10-07,1150.2,,,
2004-10-08,1147.9,,,
2004-10-11,1146,,,
2004-10-12,1146,,,
2004-10-13,1147.2,,,
2004-10-14,1144.5,,,
2004-10-15,1145.4,,,
2004-10-18,1143.5,,,
2004-10-19,1144.8,,,
2004-10-20,1142.9,,,
2004-10-21,1141.1,,,
2004-10-22,1140.7,,,
2004-10-25,1135,,,
2004-10-26,1133.5,,,
2004-10-27,1128.9,,,
2004-10-28,1125,,,
2004-10-29,1119.6,,,
2004-11-01,1119,,,
2004-11-02,1114.8,,,
2004-11-03,1116.2,,,
2004-11-04,1113.4,,,
2004-11-05,1110.6,,,
2004-11-08,1105.3,,,
2004-11-09,1103.6,,,
2004-11-10,1110.5,,,
2004-11-11,1112.1,,,
2004-11-12,1104.5,,,
2004-11-15,1092,,,
2004-11-16,1090.3,,,
2004-11-17,1081.4,,,
2004-11-18,1065.4,,,
2004-11-19,1068.7,,,
2004-11-22,1065.3,,,
2004-11-23,1065.9,,,
2004-11-24,1066.6,,,
2004-11-25,1057.2,,,
2004-11-26,1046.4,,,
2004-11-29,1047,,,
2004-11-30,1048.2,,,
2004-12-01,1046,,,
2004-12-02,1041.5,,,
2004-12-03,1045.5,,,
2004-12-06,1040.9,,,
2004-12-07,1041.9,,,
2004-12-08,1058.9,,,
2004-12-10,1067.7,,,
2004-12-13,1061.9,,,
2004-12-14,1058,,,
2004-12-15,1061.4,,,
2004-12-16,1056.3,,,
2004-12-17,1060,,,
2004-12-20,1058.2,,,
2004-12-21,1055.5,,,
2004-12-22,1053.5,,,
2004-12-23,1050.5,,,
2004-12-24,1048.4,,,
2004-12-27,1046.4,,,
2004-12-28,1042.4,,,
2004-12-29,1041,,,
2004-12-30,1041.8,,,
2004-12-31,1035.1,,,
2005-01-03,1038.1,,,
2005-01-04,1038.7,,,
2005-01-05,1046.3,,,
2005-01-06,1058.8,,,
2005-01-07,1051.1,,,
2005-01-10,1053.7,,,
2005-01-11,1045.1,,,
2005-01-12,1042.2,,,
2005-01-13,1036.7,,,
2005-01-14,1043,,,
2005-01-17,1035.7,,,
2005-01-18,1035.7,,,
2005-01-19,1030.9,,,
2005-01-20,1033.2,,,
2005-01-21,1038.1,,,
2005-01-24,1032.2,,,
2005-01-26,1031.6,,,
2005-01-27,1028.7,,,
2005-01-28,1024.1,,,
2005-01-31,1025.6,,,
2005-02-02,1027.8,,,
2005-02-03,1025.2,,,
2005-02-04,1026.7,,,
2005-02-07,1026.2,,,
2005-02-11,1033.2,,,
2005-02-14,1025.1,,,
2005-02-15,1026.7,,,
2005-02-16,1026.1,,,
2005-02-17,1025.6,,,
2005-02-18,1024.1,,,
2005-02-21,1023.3,,,
2005-02-22,1006.1,,,
2005-02-23,1003.8,,,
2005-02-24,1006.5,,,
2005-02-25,1008.5,,,
2005-02-28,1006,,,
2005-03-02,1007.3,,,
2005-03-03,1006.3,,,
2005-03-04,1008.2,,,
2005-03-07,1004.6,,,
2005-03-08,1004.3,,,
2005-03-09,1001,,,
2005-03-10,1000.3,,,
2005-03-11,1000.3,,,
2005-03-14,1000.8,,,
2005-03-15,1003.8,,,
2005-03-16,1003.8,,,
2005-03-17,1000.7,,,
2005-03-18,1004.9,,,
2005-03-21,1009.1,,,
2005-03-22,1009.4,,,
2005-03-23,1008.6,,,
2005-03-24,1013.3,,,
2005-03-25,1014.4,,,
2005-03-28,1016.9,,,
2005-03-29,1019.1,,,
2005-03-30,1023.6,,,
2005-03-31,1015.5,,,
2005-04-01,1008,,,
2005-04-04,1013.6,,,
2005-04-06,1013.5,,,
2005-04-07,1012.5,,,
2005-04-08,1015.1,,,
2005-04-11,1015,,,
2005-04-12,1013.5,,,
2005-04-13,1011.5,,,
2005-04-14,1016.3,,,
2005-04-15,1022.5,,,
2005-04-18,1019.7,,,
2005-04-19,1013.9,,,
2005-04-20,1008.9,,,
2005-04-21,1006.2,,,
2005-04-22,1004,,,
2005-04-25,998.9,,,
2005-04-26,998.9,,,
2005-04-27,1002.8,,,
2005-04-28,1002.6,,,
2005-05-02,1001.2,,,
2005-05-03,1002.3,,,
2005-05-04,999.8,,,
2005-05-06,998,,,
2005-05-09,1000.8,,,
2005-05-10,999.1,,,
2005-05-11,1000.2,,,
2005-05-12,999.7,,,
2005-05-13,1001.5,,,
2005-05-16,1009,,,
2005-05-17,1004.5,,,
2005-05-18,1005.2,,,
2005-05-19,1005,,,
2005-05-20,1004.4,,,
2005-05-23,1004.4,,,
2005-05-24,1000.7,,,
2005-05-25,1000.6,,,
2005-05-26,1001.7,,,
2005-05-27,1002.5,,,
2005-05-30,1002.5,,,
2005-05-31,1007.7,,,
2005-06-01,1010.7,,,
2005-06-02,1012.8,,,
2005-06-03,1007.8,,,
2005-06-07,1006.4,,,
2005-06-08,1005.7,,,
2005-06-09,1004.2,,,
2005-06-10,1006.3,,,
2005-06-13,1012.2,,,
2005-06-14,1013.5,,,
2005-06-15,1012.2,,,
2005-06-16,1014.2,,,
2005-06-17,1009.3,,,
2005-06-20,1008.2,,,
2005-06-21,1013.5,,,
2005-06-22,1010.4,,,
2005-06-23,1010.6,,,
2005-06-24,1012.6,,,
2005-06-27,1012.3,,,
2005-06-28,1021.1,,,
2005-06-29,1026.3,,,
2005-06-30,1025.4,,,
2005-07-01,1031.5,,,
2005-07-04,1043.5,,,
2005-07-05,1053.8,,,
2005-07-06,1047.8,,,
2005-07-07,1052.7,,,
2005-07-08,1054.8,,,
2005-07-11,1043.7,,,
2005-07-12,1039.5,,,
2005-07-13,1036.9,,,
2005-07-14,1031.8,,,
2005-07-15,1042.2,,,
2005-07-18,1034.8,,,
2005-07-19,1040,,,
2005-07-20,1042.4,,,
2005-07-21,1035.5,,,
2005-07-22,1021.3,,,
2005-07-25,1022.7,,,
2005-07-26,1026.9,,,
2005-07-27,1031.1,,,
2005-07-28,1027.9,,,
2005-07-29,1026.8,,,
2005-08-01,1024.5,,,
2005-08-02,1020.4,,,
2005-08-03,1017.4,,,
2005-08-04,1011.6,,,
2005-08-05,1013.9,,,
2005-08-08,1013,,,
2005-08-09,1013,,,
2005-08-10,1014.7,,,
2005-08-11,1014.9,,,
2005-08-12,1013.8,,,
2005-08-16,1016.4,,,
2005-08-17,1018,,,
2005-08-18,1018.7,,,
2005-08-19,1025.7,,,
2005-08-22,1022.6,,,
2005-08-23,1027.3,,,
2005-08-24,1027.9,,,
2005-08-25,1024.3,,,
2005-08-26,1028.7,,,
2005-08-29,1031.1,,,
2005-08-30,1034.2,,,
2005-08-31,1038.5,,,
2005-09-01,1036.4,,,
2005-09-02,1026.5,,,
2005-09-05,1022.6,,,
2005-09-06,1024.2,,,
2005-09-07,1026,,,
2005-09-08,1025.7,,,
2005-09-09,1027.2,,,
2005-09-12,1024.9,,,
2005-09-13,1025.7,,,
2005-09-14,1025.2,,,
2005-09-15,1024.7,,,
2005-09-16,1027.8,,,
2005-09-20,1028.6,,,
2005-09-21,1029.9,,,
2005-09-22,1027.7,,,
2005-09-23,1031,,,
2005-09-26,1034.7,,,
2005-09-27,1035.8,,,
2005-09-28,1037.4,,,
2005-09-29,1037,,,
2005-09-30,1041.1,,,
2005-10-04,1041,,,
2005-10-05,1039.1,,,
2005-10-06,1041.9,,,
2005-10-07,1037.2,,,
2005-10-10,1037.9,,,
2005-10-11,1041.8,,,
2005-10-12,1042.9,,,
2005-10-13,1047.7,,,
2005-10-14,1044.9,,,
2005-10-17,1047.4,,,
2005-10-18,1051.5,,,
2005-10-19,1054.8,,,
2005-10-20,1055.8,,,
2005-10-21,1057.9,,,
2005-10-24,1058.1,,,
2005-10-25,1055,,,
2005-10-26,1042.5,,,
2005-10-27,1043.3,,,
2005-10-28,1042.3,,,
2005-10-31,1040.2,,,
2005-11-01,1042.3,,,
2005-11-02,1039.5,,,
2005-11-03,1043.6,,,
2005-11-04,1047.9,,,
2005-11-07,1049.5,,,
2005-11-08,1048.5,,,
2005-11-09,1046,,,
2005-11-10,1044.7,,,
2005-11-11,1041.4,,,
2005-11-14,1037.8,,,
2005-11-15,1034.5,,,
2005-11-16,1037.3,,,
2005-11-17,1035.4,,,
2005-11-18,1036.2,,,
2005-11-21,1039.3,,,
2005-11-22,1044.5,,,
2005-11-23,1036.8,,,
2005-11-24,1037.9,,,
2005-11-25,1041.2,,,
2005-11-28,1038.5,,,
2005-11-29,1036.3,,,
2005-11-30,1033.5,,,
2005-12-01,1034.6,,,
2005-12-02,1038.4,,,
2005-12-05,1036.3,,,
2005-12-06,1034.2,,,
2005-12-07,1035.4,,,
2005-12-08,1034.4,,,
2005-12-09,1033.9,,,
2005-12-12,1033.7,,,
2005-12-13,1026,,,
2005-12-14,1016.3,,,
2005-12-15,1014,,,
2005-12-16,1016.2,,,
2005-12-19,1017.7,,,
2005-12-20,1016.5,,,
2005-12-21,1018.3,,,
2005-12-22,1017.5,,,
2005-12-23,1017.5,,,
2005-12-27,1012.5,,,
2005-12-28,1012.6,,,
2005-12-29,1011.6,,,
2006-01-02,1008,,,
2006-01-03,1005.4,,,
2006-01-04,998.5,,,
2006-01-05,987.3,,,
2006-01-06,988.1,,,
2006-01-09,977.5,,,
2006-01-10,982.1,,,
2006-01-11,984.6,,,
2006-01-12,974,,,
2006-01-13,987.8,,,
2006-01-16,982.5,,,
2006-01-17,989.2,,,
2006-01-18,992.1,,,
2006-01-19,985,,,
2006-01-20,986.7,,,
2006-01-23,981.3,,,
2006-01-24,975.5,,,
2006-01-25,968.9,,,
2006-01-26,969,,,
2006-01-27,970.8,,,
2006-01-31,964.6,,,
2006-02-01,961.1,,,
2006-02-02,972,,,
2006-02-03,970.3,,,
2006-02-06,962.6,,,
2006-02-07,967.8,,,
2006-02-08,970.8,,,
2006-02-09,972.7,,,
2006-02-10,967.8,,,
2006-02-13,976.8,,,
2006-02-14,969.9,,,
2006-02-15,974,,,
2006-02-16,974.6,,,
2006-02-17,972.8,,,
2006-02-20,967.2,,,
2006-02-21,968.6,,,
2006-02-22,974.7,,,
2006-02-23,969.1,,,
2006-02-24,966.4,,,
2006-02-27,969,,,
2006-02-28,970.9,,,
2006-03-02,969.1,,,
2006-03-03,971.4,,,
2006-03-06,974.9,,,
2006-03-07,976.6,,,
2006-03-08,982.1,,,
2006-03-09,982.2,,,
2006-03-10,980.2,,,
2006-03-13,980,,,
2006-03-14,977,,,
2006-03-15,974.8,,,
2006-03-16,975,,,
2006-03-17,971.2,,,
2006-03-20,967.1,,,
2006-03-21,968.4,,,
2006-03-22,975.6,,,
2006-03-23,975.6,,,
2006-03-24,979.1,,,
2006-03-27,975.7,,,
2006-03-28,976.8,,,
2006-03-29,975.2,,,
2006-03-30,976.1,,,
2006-03-31,971.6,,,
2006-04-03,970.8,,,
2006-04-04,963.2,,,
2006-04-05,957.3,,,
2006-04-06,953.5,,,
2006-04-07,953.4,,,
2006-04-10,953.6,,,
2006-04-11,954.7,,,
2006-04-12,960.4,,,
2006-04-13,961.5,,,
2006-04-14,958.4,,,
2006-04-17,955.6,,,
2006-04-18,953.6,,,
2006-04-19,945.6,,,
2006-04-20,948.4,,,
2006-04-21,948.6,,,
2006-04-24,939.8,,,
2006-04-25,945.1,,,
2006-04-26,946.5,,,
2006-04-27,944.9,,,
2006-04-28,943.4,,,
2006-05-02,940.1,,,
2006-05-03,934.3,,,
2006-05-04,939.6,,,
2006-05-08,927.9,,,
2006-05-09,932,,,
2006-05-10,929.6,,,
2006-05-11,935.6,,,
2006-05-12,932.7,,,
2006-05-15,943.7,,,
2006-05-16,944.9,,,
2006-05-17,936.9,,,
2006-05-18,947,,,
2006-05-19,946.3,,,
2006-05-22,952.3,,,
2006-05-23,943.9,,,
2006-05-24,949.7,,,
2006-05-25,949.1,,,
2006-05-26,945.6,,,
2006-05-29,947.4,,,
2006-05-30,945.6,,,
2006-06-01,947.4,,,
2006-06-02,948,,,
2006-06-05,943,,,
2006-06-07,948.2,,,
2006-06-08,953.4,,,
2006-06-09,954.4,,,
2006-06-12,956.8,,,
2006-06-13,961.8,,,
2006-06-14,962,,,
2006-06-15,959.5,,,
2006-06-16,956,,,
2006-06-19,961.3,,,
2006-06-20,956.6,,,
2006-06-21,955.8,,,
2006-06-22,955.1,,,
2006-06-23,956,,,
2006-06-26,959.5,,,
2006-06-27,958.8,,,
2006-06-28,957.7,,,
2006-06-29,960.6,,,
2006-06-30,948.9,,,
2006-07-03,944.9,,,
2006-07-04,943.4,,,
2006-07-05,946.7,,,
2006-07-06,949.5,,,
2006-07-07,947.9,,,
2006-07-10,942,,,
2006-07-11,946.8,,,
2006-07-12,948.8,,,
2006-07-13,949.2,,,
2006-07-14,953.8,,,
2006-07-18,958.7,,,
2006-07-19,957.8,,,
2006-07-20,951.9,,,
2006-07-21,950,,,
2006-07-24,951.7,,,
2006-07-25,952.2,,,
2006-07-26,954.6,,,
2006-07-27,952.2,,,
2006-07-28,953.9,,,
2006-07-31,955.2,,,
2006-08-01,956,,,
2006-08-02,962.3,,,
2006-08-03,965.7,,,
2006-08-04,964.8,,,
2006-08-07,962.6,,,
2006-08-08,963.7,,,
2006-08-09,959.5,,,
2006-08-10,957.9,,,
2006-08-11,961.8,,,
2006-08-14,965.8,,,
2006-08-16,965.2,,,
2006-08-17,961,,,
2006-08-18,958.6,,,
2006-08-21,956.6,,,
2006-08-22,956.3,,,
2006-08-23,955.7,,,
2006-08-24,961.9,,,
2006-08-25,964,,,
2006-08-28,964,,,
2006-08-29,961,,,
2006-08-30,961.4,,,
2006-08-31,961.5,,,
2006-09-01,960.5,,,
2006-09-04,957.9,,,
2006-09-05,956.6,,,
2006-09-06,957.1,,,
2006-09-07,956.4,,,
2006-09-08,956.3,,,
2006-09-11,957.5,,,
2006-09-12,959.4,,,
2006-09-13,959,,,
2006-09-14,957.7,,,
2006-09-15,956.3,,,
2006-09-18,956.5,,,
2006-09-19,952.2,,,
2006-09-20,950.8,,,
2006-09-21,944.3,,,
2006-09-22,946.8,,,
2006-09-25,944.2,,,
2006-09-26,944.2,,,
2006-09-27,943.7,,,
2006-09-28,944.7,,,
2006-09-29,946.2,,,
2006-10-02,947.9,,,
2006-10-04,949.1,,,
2006-10-09,963.9,,,
2006-10-10,959.5,,,
2006-10-11,958.2,,,
2006-10-12,957.8,,,
2006-10-13,955.2,,,
2006-10-16,955.5,,,
2006-10-17,954.4,,,
2006-10-18,954.4,,,
2006-10-19,957.4,,,
2006-10-20,957.3,,,
2006-10-23,959.6,,,
2006-10-24,958.5,,,
2006-10-25,955.7,,,
2006-10-26,949.7,,,
2006-10-27,947.3,,,
2006-10-30,944.6,,,
2006-10-31,942.3,,,
2006-11-01,939.5,,,
2006-11-02,939,,,
2006-11-03,937.3,,,
2006-11-06,942.4,,,
2006-11-07,938.5,,,
2006-11-08,935.2,,,
2006-11-09,936.9,,,
2006-11-10,934.1,,,
2006-11-13,935.1,,,
2006-11-14,937.1,,,
2006-11-15,941.5,,,
2006-11-16,937.5,,,
2006-11-17,938.9,,,
2006-11-20,935.3,,,
2006-11-21,935.5,,,
2006-11-22,934.1,,,
2006-11-23,930.5,,,
2006-11-24,932,,,
2006-11-27,930.6,,,
2006-11-28,930.8,,,
2006-11-29,930.5,,,
2006-11-30,929.5,,,
2006-12-01,928.6,,,
2006-12-04,927.6,,,
2006-12-05,927.6,,,
2006-12-06,916.4,,,
2006-12-07,913.8,,,
2006-12-08,920.3,,,
2006-12-11,926,,,
2006-12-12,922.7,,,
2006-12-13,922.6,,,
2006-12-14,920.5,,,
2006-12-15,923.2,,,
2006-12-18,927.1,,,
2006-12-19,931.8,,,
2006-12-20,925.8,,,
2006-12-21,928.3,,,
2006-12-22,928.3,,,
2006-12-26,929.9,,,
2006-12-27,930.5,,,
2006-12-28,929.8,,,
2007-01-02,925.6,,,
2007-01-03,926.1,,,
2007-01-04,931.3,,,
2007-01-05,934.2,,,
2007-01-08,938.2,,,
2007-01-09,938.5,,,
2007-01-10,937.8,,,
2007-01-11,938.9,,,
2007-01-12,940,,,
2007-01-15,938.6,,,
2007-01-16,935.6,,,
2007-01-17,936.9,,,
2007-01-18,936.8,,,
2007-01-19,936.3,,,
2007-01-22,940.1,,,
2007-01-23,940.3,,,
2007-01-24,936,,,
2007-01-25,936,,,
2007-01-26,940.5,,,
2007-01-29,940.5,,,
2007-01-30,942.5,,,
2007-01-31,941,,,
2007-02-01,937,,,
2007-02-02,937.2,,,
2007-02-05,935.8,,,
2007-02-06,932.9,,,
2007-02-07,933.7,,,
2007-02-08,935.1,,,
2007-02-09,934.6,,,
2007-02-12,937.6,,,
2007-02-13,939.5,,,
2007-02-14,938.5,,,
2007-02-15,934.8,,,
2007-02-16,936.4,,,
2007-02-20,938.5,,,
2007-02-21,938.5,,,
2007-02-22,938.9,,,
2007-02-23,938,,,
2007-02-26,938.7,,,
2007-02-27,938.8,,,
2007-02-28,941.8,,,
2007-03-02,943.1,,,
2007-03-05,951.4,,,
2007-03-06,947.7,,,
2007-03-07,948.8,,,
2007-03-08,947.8,,,
2007-03-09,945.9,,,
2007-03-12,944,,,
2007-03-13,944.6,,,
2007-03-14,946.3,,,
2007-03-15,944.5,,,
2007-03-16,944.8,,,
2007-03-19,943.7,,,
2007-03-20,941.7,,,
2007-03-21,938,,,
2007-03-22,937.9,,,
2007-03-23,937.5,,,
2007-03-26,938.6,,,
2007-03-27,940.9,,,
2007-03-28,939.1,,,
2007-03-29,940.6,,,
2007-03-30,940.9,,,
2007-04-02,937.3,,,
2007-04-03,936.7,,,
2007-04-04,936.3,,,
2007-04-05,932.9,,,
2007-04-06,931.9,,,
2007-04-09,933,,,
2007-04-10,933.9,,,
2007-04-11,932.2,,,
2007-04-12,931.8,,,
2007-04-13,929.2,,,
2007-04-16,931.8,,,
2007-04-17,931.8,,,
2007-04-18,929,,,
2007-04-19,928.8,,,
2007-04-20,926.3,,,
2007-04-23,926.3,,,
2007-04-24,927.5,,,
2007-04-25,927.5,,,
2007-04-26,926.7,,,
2007-04-27,929.2,,,
2007-04-30,930.8,,,
2007-05-02,930,,,
2007-05-03,930,,,
2007-05-04,927.6,,,
2007-05-07,922.4,,,
2007-05-08,923,,,
2007-05-09,923.5,,,
2007-05-10,925.1,,,
2007-05-11,926.7,,,
2007-05-14,924.1,,,
2007-05-15,924,,,
2007-05-16,924,,,
2007-05-17,928.1,,,
2007-05-18,934.1,,,
2007-05-21,930.1,,,
2007-05-22,930.4,,,
2007-05-23,931.5,,,
2007-05-25,928.3,,,
2007-05-28,928.8,,,
2007-05-29,927.7,,,
2007-05-30,931,,,
2007-05-31,927.7,,,
2007-06-01,928.4,,,
2007-06-04,928.1,,,
2007-06-05,927,,,
2007-06-07,926.8,,,
2007-06-08,931,,,
2007-06-11,932.5,,,
2007-06-12,929.5,,,
2007-06-13,931.5,,,
2007-06-14,929.9,,,
2007-06-15,928.5,,,
2007-06-18,928.3,,,
2007-06-19,927.7,,,
2007-06-20,927.8,,,
2007-06-21,927,,,
2007-06-22,928,,,
2007-06-25,926.6,,,
2007-06-26,926.3,,,
2007-06-27,927.7,,,
2007-06-28,926.8,,,
2007-06-29,923.8,,,
2007-07-02,921.7,,,
2007-07-03,918,,,
2007-07-04,919.9,,,
2007-07-05,922,,,
2007-07-06,919.6,,,
2007-07-09,920.9,,,
2007-07-10,919.9,,,
2007-07-11,919.2,,,
2007-07-12,918.3,,,
2007-07-13,916.9,,,
2007-07-16,918.3,,,
2007-07-18,916.1,,,
2007-07-19,916,,,
2007-07-20,914.9,,,
2007-07-23,915.2,,,
2007-07-24,914.1,,,
2007-07-25,913.9,,,
2007-07-26,918.2,,,
2007-07-27,921.7,,,
2007-07-30,923.3,,,
2007-07-31,919.3,,,
2007-08-01,925.2,,,
2007-08-02,922.8,,,
2007-08-03,922.9,,,
2007-08-06,923.4,,,
2007-08-07,922.9,,,
2007-08-08,924.2,,,
2007-08-09,922.9,,,
2007-08-10,931.9,,,
2007-08-13,929.6,,,
2007-08-14,932.5,,,
2007-08-16,946.3,,,
2007-08-17,950.4,,,
2007-08-20,943,,,
2007-08-21,943.5,,,
2007-08-22,944.2,,,
2007-08-23,941.6,,,
2007-08-24,941.7,,,
2007-08-27,938.6,,,
2007-08-28,939.7,,,
2007-08-29,942.1,,,
2007-08-30,940.5,,,
2007-08-31,938.3,,,
2007-09-03,937.3,,,
2007-09-04,939.2,,,
2007-09-05,938.1,,,
2007-09-06,939.2,,,
2007-09-07,938,,,
2007-09-10,939.1,,,
2007-09-11,936.3,,,
2007-09-12,932.5,,,
2007-09-13,931.6,,,
2007-09-14,928.4,,,
2007-09-17,928.5,,,
2007-09-18,930.7,,,
2007-09-19,926.7,,,
2007-09-20,923.1,,,
2007-09-21,921.1,,,
2007-09-27,920.3,,,
2007-09-28,915.1,,,
2007-10-01,913.7,,,
2007-10-02,913.9,,,
2007-10-04,916.5,,,
2007-10-05,916.7,,,
2007-10-08,914.6,,,
2007-10-09,918.5,,,
2007-10-10,916.3,,,
2007-10-11,917.1,,,
2007-10-12,918.3,,,
2007-10-15,917,,,
2007-10-16,917.5,,,
2007-10-17,918.4,,,
2007-10-18,917.8,,,
2007-10-19,915.8,,,
2007-10-22,917,,,
2007-10-23,918,,,
2007-10-24,917.9,,,
2007-10-25,916.6,,,
2007-10-26,909.9,,,
2007-10-29,906.7,,,
2007-10-30,907,,,
2007-10-31,900.7,,,
2007-11-01,903.6,,,
2007-11-02,907.1,,,
2007-11-05,908,,,
2007-11-06,907.8,,,
2007-11-07,906.1,,,
2007-11-08,908.5,,,
2007-11-09,906.8,,,
2007-11-12,911.3,,,
2007-11-13,918.7,,,
2007-11-14,913.5,,,
2007-11-15,915.5,,,
2007-11-16,917.4,,,
2007-11-19,919,,,
2007-11-20,922.2,,,
2007-11-21,928.9,,,
2007-11-22,933.6,,,
2007-11-23,930.6,,,
2007-11-26,929.3,,,
2007-11-27,929.3,,,
2007-11-28,931.4,,,
2007-11-29,928.7,,,
2007-11-30,921.1,,,
2007-12-03,925,,,
2007-12-04,922.5,,,
2007-12-05,923.3,,,
2007-12-06,922.1,,,
2007-12-07,919.2,,,
2007-12-10,923.6,,,
2007-12-11,924,,,
2007-12-12,926.6,,,
2007-12-13,925,,,
2007-12-14,930.1,,,
2007-12-17,933.6,,,
2007-12-18,939.4,,,
2007-12-20,943.7,,,
2007-12-21,940.7,,,
2007-12-24,939.6,,,
2007-12-26,939,,,
2007-12-27,940.2,,,
2007-12-28,936.1,,,
2008-01-02,936.9,,,
2008-01-03,936.6,,,
2008-01-04,938.5,,,
2008-01-07,940.5,,,
2008-01-08,939.3,,,
2008-01-09,937.4,,,
2008-01-10,937.6,,,
2008-01-11,937.6,,,
2008-01-14,937.4,,,
2008-01-15,935.8,,,
2008-01-16,940.1,,,
2008-01-17,945.6,,,
2008-01-18,942.8,,,
2008-01-21,948.5,,,
2008-01-22,954,,,
2008-01-23,952.8,,,
2008-01-24,949.4,,,
2008-01-25,946.5,,,
2008-01-28,949.8,,,
2008-01-29,944.2,,,
2008-01-30,944.7,,,
2008-01-31,943.9,,,
2008-02-01,944.2,,,
2008-02-04,942.8,,,
2008-02-05,941.7,,,
2008-02-11,945.3,,,
2008-02-12,945.4,,,
2008-02-13,945.9,,,
2008-02-14,945.3,,,
2008-02-15,945.1,,,
2008-02-18,945.3,,,
2008-02-19,943.9,,,
2008-02-20,946.8,,,
2008-02-21,948.4,,,
2008-02-22,948.5,,,
2008-02-25,947.2,,,
2008-02-26,947.3,,,
2008-02-27,941,,,
2008-02-28,936.5,,,
2008-02-29,939,,,
2008-03-03,946.9,,,
2008-03-04,947.2,,,
2008-03-05,948.3,,,
2008-03-06,949.6,,,
2008-03-07,957.5,,,
2008-03-10,965.3,,,
2008-03-11,970,,,
2008-03-12,971.3,,,
2008-03-13,982.4,,,
2008-03-14,997.3,,,
2008-03-17,1029.2,,,
2008-03-18,1014,,,
2008-03-19,1009.1,,,
2008-03-20,1010,,,
2008-03-21,1003.1,,,
2008-03-24,997.2,,,
2008-03-25,976.3,,,
2008-03-26,986.8,,,
2008-03-27,987.8,,,
2008-03-28,993,,,
2008-03-31,990.4,,,
2008-04-01,983.8,,,
2008-04-02,974.7,,,
2008-04-03,975.6,,,
2008-04-04,973.8,,,
2008-04-07,974.9,,,
2008-04-08,976.1,,,
2008-04-10,976.3,,,
2008-04-11,979.7,,,
2008-04-14,979.7,,,
2008-04-15,986.9,,,
2008-04-16,989.5,,,
2008-04-17,992,,,
2008-04-18,1000.7,,,
2008-04-21,991.5,,,
2008-04-22,997.2,,,
2008-04-23,991,,,
2008-04-24,996.5,,,
2008-04-25,996,,,
2008-04-28,996.6,,,
2008-04-29,1001,,,
2008-04-30,1002.6,,,
2008-05-02,1009.6,,,
2008-05-06,1014.5,,,
2008-05-07,1049.6,,,
2008-05-08,1049.6,,,
2008-05-09,1044.7,,,
2008-05-13,1042.5,,,
2008-05-14,1047.2,,,
2008-05-15,1045.1,,,
2008-05-16,1041,,,
2008-05-19,1043.2,,,
2008-05-20,1045,,,
2008-05-21,1042.2,,,
2008-05-22,1044.1,,,
2008-05-23,1047.6,,,
2008-05-26,1048.5,,,
2008-05-27,1037.7,,,
2008-05-28,1037,,,
2008-05-29,1030.3,,,
2008-05-30,1030.1,,,
2008-06-02,1022.6,,,
2008-06-03,1016.9,,,
2008-06-04,1017.3,,,
2008-06-05,1023.5,,,
2008-06-09,1031.8,,,
2008-06-10,1025,,,
2008-06-11,1030,,,
2008-06-12,1034,,,
2008-06-13,1038.3,,,
2008-06-16,1038.3,,,
2008-06-17,1023.2,,,
2008-06-18,1029.1,,,
2008-06-19,1026,,,
2008-06-20,1028,,,
2008-06-23,1039,,,
2008-06-24,1033.5,,,
2008-06-25,1038,,,
2008-06-26,1036.6,,,
2008-06-27,1041.5,,,
2008-06-30,1046,,,
2008-07-01,1047,,,
2008-07-02,1035,,,
2008-07-03,1045,,,
2008-07-04,1050.4,,,
2008-07-07,1042.9,,,
2008-07-08,1032.7,,,
2008-07-09,1004.9,,,
2008-07-10,1002.9,,,
2008-07-11,1002.3,,,
2008-07-14,1004.6,,,
2008-07-15,1008.2,,,
2008-07-16,1009.3,,,
2008-07-17,1013.8,,,
2008-07-18,1013.8,,,
2008-07-21,1018,,,
2008-07-22,1017.6,,,
2008-07-23,1013.8,,,
2008-07-24,1007.1,,,
2008-07-25,1009.2,,,
2008-07-28,1006,,,
2008-07-29,1008.8,,,
2008-07-30,1013.5,,,
2008-07-31,1012.2,,,
2008-08-01,1014.6,,,
2008-08-04,1017.4,,,
2008-08-05,1017.9,,,
2008-08-06,1015.9,,,
2008-08-07,1016.5,,,
2008-08-08,1027.9,,,
2008-08-11,1031.9,,,
2008-08-12,1034.7,,,
2008-08-13,1039.4,,,
2008-08-14,1039.8,,,
2008-08-18,1046.9,,,
2008-08-19,1049.4,,,
2008-08-20,1049.3,,,
2008-08-21,1054.9,,,
2008-08-22,1062.5,,,
2008-08-25,1078.9,,,
2008-08-26,1089.4,,,
2008-08-27,1084.1,,,
2008-08-28,1081,,,
2008-08-29,1089,,,
2008-09-01,1116,,,
2008-09-02,1134,,,
2008-09-03,1148.5,,,
2008-09-04,1129,,,
2008-09-05,1117.8,,,
2008-09-08,1081.4,,,
2008-09-09,1101.3,,,
2008-09-10,1095.5,,,
2008-09-11,1109.5,,,
2008-09-12,1109.1,,,
2008-09-16,1160,,,
2008-09-17,1116,,,
2008-09-18,1153.3,,,
2008-09-19,1139.7,,,
2008-09-22,1140.3,,,
2008-09-23,1149,,,
2008-09-24,1154.5,,,
2008-09-25,1158.2,,,
2008-09-26,1160.5,,,
2008-09-29,1188.8,,,
2008-09-30,1207,,,
2008-10-01,1187,,,
2008-10-02,1223.5,,,
2008-10-06,1328.1,,,
2008-10-07,1328.1,,,
2008-10-08,1395,,,
2008-10-09,1379.5,,,
2008-10-10,1309,,,
2008-10-13,1238,,,
2008-10-14,1208,,,
2008-10-15,1239.5,,,
2008-10-16,1373,,,
2008-10-17,1334,,,
2008-10-20,1315,,,
2008-10-21,1320.1,,,
2008-10-22,1363,,,
2008-10-23,1408.8,,,
2008-10-24,1422,,,
2008-10-27,1442.5,,,
2008-10-28,1467.8,,,
2008-10-29,1427,,,
2008-10-30,1250,,,
2008-10-31,1291,,,
2008-11-03,1262,,,
2008-11-04,1288,,,
2008-11-05,1266,,,
2008-11-06,1331,,,
2008-11-07,1328.8,,,
2008-11-10,1326.3,,,
2008-11-11,1329.9,,,
2008-11-12,1359.59,,,
2008-11-13,1391.5,,,
2008-11-14,1399.2,,,
2008-11-17,1409,,,
2008-11-18,1448,,,
2008-11-19,1446.5,,,
2008-11-20,1497,,,
2008-11-21,1495,,,
2008-11-24,1513,,,
2008-11-25,1502.3,,,
2008-11-26,1478.1,,,
2008-11-27,1476,,,
2008-11-28,1469,,,
2008-12-01,1440,,,
2008-12-02,1464,,,
2008-12-03,1469,,,
2008-12-04,1477,,,
2008-12-05,1475.5,,,
2008-12-08,1448.3,,,
2008-12-09,1447,,,
2008-12-10,1393.8,,,
2008-12-11,1358.5,,,
2008-12-12,1372.5,,,
2008-12-15,1367,,,
2008-12-16,1349.6,,,
2008-12-17,1325,,,
2008-12-18,1292,,,
2008-12-19,1290,,,
2008-12-22,1309,,,
2008-12-23,1338,,,
2008-12-24,1306.5,,,
2008-12-26,1299,,,
2008-12-29,1263,,,
2008-12-30,1259.5,,,
2009-01-02,1321,,,
2009-01-05,1313.5,,,
2009-01-06,1312.5,,,
2009-01-07,1292.5,,,
2009-01-08,1333,,,
2009-01-09,1343,,,
2009-01-12,1359,,,
2009-01-13,1354,,,
2009-01-14,1347.5,,,
2009-01-15,1392,,,
2009-01-16,1358,,,
2009-01-19,1362.5,,,
2009-01-20,1374.5,,,
2009-01-21,1373,,,
2009-01-22,1378,,,
2009-01-23,1390.9,,,
2009-01-28,1376.1,,,
2009-01-29,1378.5,,,
2009-01-30,1379.5,,,
2009-02-02,1390,,,
2009-02-03,1389.5,,,
2009-02-04,1378.5,,,
2009-02-05,1384.5,,,
2009-02-06,1383.8,,,
2009-02-09,1381,,,
2009-02-10,1382.9,,,
2009-02-11,1393.5,,,
2009-02-12,1404.5,,,
2009-02-13,1404.2,,,
2009-02-16,1427.5,,,
2009-02-17,1455.5,,,
2009-02-18,1468,,,
2009-02-19,1481,,,
2009-02-20,1506.5,,,
2009-02-23,1489,,,
2009-02-24,1516.3,,,
2009-02-25,1516,,,
2009-02-26,1517.5,,,
2009-02-27,1534,,,
2009-03-02,1570.3,,,
2009-03-03,1552.4,,,
2009-03-04,1551,,,
2009-03-05,1568,,,
2009-03-06,1550,,,
2009-03-09,1549,,,
2009-03-10,1511.5,,,
2009-03-11,1471,,,
2009-03-12,1496.5,,,
2009-03-13,1483.5,,,
2009-03-16,1440,,,
2009-03-17,1408.5,,,
2009-03-18,1421.5,,,
2009-03-19,1396,,,
2009-03-20,1412.5,,,
2009-03-23,1392,,,
2009-03-24,1383.5,,,
2009-03-25,1363,,,
2009-03-26,1330.5,,,
2009-03-27,1348,,,
2009-03-30,1391.5,,,
2009-03-31,1383.5,,,
2009-04-01,1379.5,,,
2009-04-02,1334.5,,,
2009-04-03,1340.5,,,
2009-04-06,1309.5,,,
2009-04-07,1322.5,,,
2009-04-08,1354.5,,,
2009-04-09,1322.5,,,
2009-04-10,1333,,,
2009-04-13,1329,,,
2009-04-14,1323.5,,,
2009-04-15,1338,,,
2009-04-16,1332,,,
2009-04-17,1332,,,
2009-04-20,1335,,,
2009-04-21,1349.5,,,
2009-04-22,1348.5,,,
2009-04-23,1348,,,
2009-04-24,1343.2,,,
2009-04-27,1343.4,,,
2009-04-28,1356.8,,,
2009-04-29,1340.7,,,
2009-04-30,1282,,,
2009-05-04,1272.5,,,
2009-05-06,1277,,,
2009-05-07,1262.3,,,
2009-05-08,1247,,,
2009-05-11,1237.9,,,
2009-05-12,1242.6,,,
2009-05-13,1244,,,
2009-05-14,1267.2,,,
2009-05-15,1257,,,
2009-05-18,1259.5,,,
2009-05-19,1249.5,,,
2009-05-20,1251,,,
2009-05-21,1248.6,,,
2009-05-22,1247.4,,,
2009-05-25,1249,,,
2009-05-26,1263,,,
2009-05-27,1269.4,,,
2009-05-28,1256.9,,,
2009-05-29,1255,,,
2009-06-01,1237.2,,,
2009-06-02,1239.2,,,
2009-06-03,1233.2,,,
2009-06-04,1251,,,
2009-06-05,1243,,,
2009-06-08,1265,,,
2009-06-09,1265,,,
2009-06-10,1246.7,,,
2009-06-11,1253,,,
2009-06-12,1253.9,,,
2009-06-15,1262,,,
2009-06-16,1257.5,,,
2009-06-17,1259.8,,,
2009-06-18,1266.3,,,
2009-06-19,1268.4,,,
2009-06-22,1274.5,,,
2009-06-23,1290.8,,,
2009-06-24,1283.5,,,
2009-06-25,1288.8,,,
2009-06-26,1284.3,,,
2009-06-29,1285.8,,,
2009-06-30,1273.9,,,
2009-07-01,1267.7,,,
2009-07-02,1269.5,,,
2009-07-03,1266,,,
2009-07-06,1268.5,,,
2009-07-07,1273.1,,,
2009-07-08,1276.1,,,
2009-07-09,1279,,,
2009-07-10,1282.7,,,
2009-07-13,1315,,,
2009-07-14,1293,,,
2009-07-15,1278.5,,,
2009-07-16,1265.7,,,
2009-07-17,1259.5,,,
2009-07-20,1250.2,,,
2009-07-21,1248.5,,,
2009-07-22,1248,,,
2009-07-23,1248.7,,,
2009-07-24,1249.6,,,
2009-07-27,1244,,,
2009-07-28,1236.5,,,
2009-07-29,1239.9,,,
2009-07-30,1236.8,,,
2009-07-31,1228.5,,,
2009-08-03,1222.4,,,
2009-08-04,1218,,,
2009-08-05,1224.3,,,
2009-08-06,1222.5,,,
2009-08-07,1225,,,
2009-08-10,1228.2,,,
2009-08-11,1239,,,
2009-08-12,1246.5,,,
2009-08-13,1237.3,,,
2009-08-14,1239.2,,,
2009-08-17,1256.9,,,
2009-08-18,1246.3,,,
2009-08-19,1255.8,,,
2009-08-20,1246.9,,,
2009-08-21,1249.7,,,
2009-08-24,1240,,,
2009-08-25,1248.2,,,
2009-08-26,1245.3,,,
2009-08-27,1248.7,,,
2009-08-28,1244.4,,,
2009-08-31,1248.9,,,
2009-09-01,1240.6,,,
2009-09-02,1249.9,,,
2009-09-03,1246,,,
2009-09-04,1241.5,,,
2009-09-07,1233.5,,,
2009-09-08,1233.2,,,
2009-09-09,1227,,,
2009-09-10,1224.5,,,
2009-09-11,1221.8,,,
2009-09-14,1225.1,,,
2009-09-15,1218.5,,,
2009-09-16,1211.3,,,
2009-09-17,1204.8,,,
2009-09-18,1207.8,,,
2009-09-21,1204.4,,,
2009-09-22,1203.8,,,
2009-09-23,1194.4,,,
2009-09-24,1195.7,,,
2009-09-25,1186.1,,,
2009-09-28,1195.9,,,
2009-09-29,1178.1,,,
2009-09-30,1178.1,,,
2009-10-01,1178.3,,,
2009-10-05,1173.7,,,
2009-10-06,1170.7,,,
2009-10-07,1170.5,,,
2009-10-08,1167,,,
2009-10-09,1164.5,,,
2009-10-12,1170,,,
2009-10-13,1168.8,,,
2009-10-14,1164.8,,,
2009-10-15,1155,,,
2009-10-16,1164.5,,,
2009-10-19,1171,,,
2009-10-20,1165.9,,,
2009-10-21,1179,,,
2009-10-22,1190,,,
2009-10-23,1181.5,,,
2009-10-26,1177.6,,,
2009-10-27,1184.4,,,
2009-10-28,1195.4,,,
2009-10-29,1196,,,
2009-10-30,1182.5,,,
2009-11-02,1182.5,,,
2009-11-03,1182,,,
2009-11-04,1178.4,,,
2009-11-05,1179.8,,,
2009-11-06,1168,,,
2009-11-09,1161,,,
2009-11-10,1162.2,,,
2009-11-11,1157.9,,,
2009-11-12,1157.3,,,
2009-11-13,1160.3,,,
2009-11-16,1154.8,,,
2009-11-17,1154.1,,,
2009-11-18,1157.1,,,
2009-11-19,1157.1,,,
2009-11-20,1159,,,
2009-11-23,1155.7,,,
2009-11-24,1156.8,,,
2009-11-25,1153.3,,,
2009-11-26,1155.3,,,
2009-11-27,1175.5,,,
2009-11-30,1162.8,,,
2009-12-01,1161.1,,,
2009-12-02,1154,,,
2009-12-03,1155.3,,,
2009-12-04,1153,,,
2009-12-07,1153.3,,,
2009-12-08,1155.1,,,
2009-12-09,1161.6,,,
2009-12-10,1165.5,,,
2009-12-11,1164,,,
2009-12-14,1157.2,,,
2009-12-15,1161.5,,,
2009-12-16,1164.9,,,
2009-12-17,1177.9,,,
2009-12-18,1176.2,,,
2009-12-21,1183.7,,,
2009-12-22,1179.9,,,
2009-12-23,1183.6,,,
2009-12-24,1175,,,
2009-12-28,1170.2,,,
2009-12-29,1171.2,,,
2009-12-30,1164.5,,,
2010-01-04,1154.8,,,
2010-01-05,1140.5,,,
2010-01-06,1136.4,,,
2010-01-07,1135.4,,,
2010-01-08,1130.5,,,
2010-01-11,1119.8,,,
2010-01-12,1123.6,,,
2010-01-13,1125.5,,,
2010-01-14,1121.1,,,
2010-01-15,1123,,,
2010-01-18,1124.5,,,
2010-01-19,1127.5,,,
2010-01-20,1138.2,,,
2010-01-21,1137.1,,,
2010-01-22,1151,,,
2010-01-25,1150,,,
2010-01-26,1163.3,,,
2010-01-27,1159.9,,,
2010-01-28,1151.5,,,
2010-01-29,1161.8,,,
2010-02-01,1169.5,,,
2010-02-02,1159.9,,,
2010-02-03,1149,,,
2010-02-04,1150.9,,,
2010-02-05,1169.9,,,
2010-02-08,1171.9,,,
2010-02-09,1163.8,,,
2010-02-10,1160.3,,,
2010-02-11,1156.8,,,
2010-02-12,1151.3,,,
2010-02-16,1151.5,,,
2010-02-17,1142.2,,,
2010-02-18,1150.5,,,
2010-02-19,1160.4,,,
2010-02-22,1147,,,
2010-02-23,1148.3,,,
2010-02-24,1153.2,,,
2010-02-25,1163.4,,,
2010-02-26,1160,,,
2010-03-02,1152.6,,,
2010-03-03,1144.6,,,
2010-03-04,1144.6,,,
2010-03-05,1140.1,,,
2010-03-08,1132.6,,,
2010-03-09,1134.5,,,
2010-03-10,1130.8,,,
2010-03-11,1133.6,,,
2010-03-12,1128.3,,,
2010-03-15,1134.7,,,
2010-03-16,1132.6,,,
2010-03-17,1128.3,,,
2010-03-18,1132.7,,,
2010-03-19,1132.7,,,
2010-03-22,1135.7,,,
2010-03-23,1137.1,,,
2010-03-24,1138,,,
2010-03-25,1142.5,,,
2010-03-26,1130.1,,,
2010-03-29,1135.5,,,
2010-03-30,1130.1,,,
2010-03-31,1131.3,,,
2010-04-01,1126.4,,,
2010-04-02,1123.1,,,
2010-04-05,1123.1,,,
2010-04-06,1123.2,,,
2010-04-07,1120.5,,,
2010-04-08,1123.3,,,
2010-04-09,1118.2,,,
2010-04-12,1114.1,,,
2010-04-13,1123.9,,,
2010-04-14,1112.2,,,
2010-04-15,1107.5,,,
2010-04-16,1110.3,,,
2010-04-19,1118.1,,,
2010-04-20,1117.9,,,
2010-04-21,1107.8,,,
2010-04-22,1108.3,,,
2010-04-23,1108.7,,,
2010-04-26,1104.1,,,
2010-04-27,1110.1,,,
2010-04-28,1118.7,,,
2010-04-29,1114.9,,,
2010-04-30,1108.4,,,
2010-05-03,1118.6,,,
2010-05-04,1115.5,,,
2010-05-06,1141.3,,,
2010-05-07,1155.4,,,
2010-05-10,1132.1,,,
2010-05-11,1135.7,,,
2010-05-12,1143.8,,,
2010-05-13,1128,,,
2010-05-14,1130.5,,,
2010-05-17,1153.8,,,
2010-05-18,1146.6,,,
2010-05-19,1165.1,,,
2010-05-20,1194.1,,,
2010-05-24,1214.5,,,
2010-05-25,1250,,,
2010-05-26,1253.3,,,
2010-05-27,1224,,,
2010-05-28,1194.9,,,
2010-05-31,1202.5,,,
2010-06-01,1216.5,,,
2010-06-03,1197.5,,,
2010-06-04,1235.9,,,
2010-06-07,1235.9,,,
2010-06-08,1233.4,,,
2010-06-09,1248.7,,,
2010-06-10,1251,,,
2010-06-11,1246.1,,,
2010-06-14,1220.2,,,
2010-06-15,1227.7,,,
2010-06-16,1210.9,,,
2010-06-17,1213.5,,,
2010-06-18,1202.6,,,
2010-06-21,1172,,,
2010-06-22,1181.7,,,
2010-06-23,1187.5,,,
2010-06-24,1188.8,,,
2010-06-25,1215.4,,,
2010-06-28,1202,,,
2010-06-29,1217,,,
2010-06-30,1222.2,,,
2010-07-01,1228.5,,,
2010-07-02,1228.5,,,
2010-07-05,1223.4,,,
2010-07-06,1222.3,,,
2010-07-07,1223,,,
2010-07-08,1209.3,,,
2010-07-09,1196,,,
2010-07-12,1202,,,
2010-07-13,1212.5,,,
2010-07-14,1202.5,,,
2010-07-15,1202.5,,,
2010-07-16,1203.5,,,
2010-07-19,1215.6,,,
2010-07-20,1205.7,,,
2010-07-21,1204.6,,,
2010-07-22,1204,,,
2010-07-23,1198.8,,,
2010-07-26,1191,,,
2010-07-27,1181.5,,,
2010-07-28,1184.1,,,
2010-07-29,1186.4,,,
2010-07-30,1182.7,,,
2010-08-02,1172.5,,,
2010-08-03,1171.6,,,
2010-08-04,1168.4,,,
2010-08-05,1166.5,,,
2010-08-06,1161.8,,,
2010-08-09,1160.1,,,
2010-08-10,1168.7,,,
2010-08-11,1182.5,,,
2010-08-12,1186.2,,,
2010-08-13,1183.8,,,
2010-08-16,1187.2,,,
2010-08-17,1176.2,,,
2010-08-18,1174.2,,,
2010-08-19,1172.7,,,
2010-08-20,1183,,,
2010-08-23,1181.9,,,
2010-08-24,1191,,,
2010-08-25,1196,,,
2010-08-26,1190,,,
2010-08-27,1196.6,,,
2010-08-30,1192,,,
2010-08-31,1198.1,,,
2010-09-01,1184.7,,,
2010-09-02,1180.5,,,
2010-09-03,1175.1,,,
2010-09-06,1171.2,,,
2010-09-07,1176.8,,,
2010-09-08,1172.8,,,
2010-09-09,1167.4,,,
2010-09-10,1165.7,,,
2010-09-13,1160.8,,,
2010-09-14,1161.7,,,
2010-09-15,1160.9,,,
2010-09-16,1164.5,,,
2010-09-17,1160.5,,,
2010-09-20,1161.3,,,
2010-09-24,1155.2,,,
2010-09-27,1148.2,,,
2010-09-28,1146.3,,,
2010-09-29,1142,,,
2010-09-30,1140.2,,,
2010-10-01,1130.4,,,
2010-10-04,1122.3,,,
2010-10-05,1130.7,,,
2010-10-06,1118,,,
2010-10-07,1114.5,,,
2010-10-08,1120.3,,,
2010-10-11,1116.7,,,
2010-10-12,1131.5,,,
2010-10-13,1120.7,,,
2010-10-14,1110.9,,,
2010-10-15,1111.4,,,
2010-10-18,1119.3,,,
2010-10-19,1130.5,,,
2010-10-20,1126.9,,,
2010-10-21,1129.6,,,
2010-10-22,1123,,,
2010-10-25,1116.3,,,
2010-10-26,1116.8,,,
2010-10-27,1128,,,
2010-10-28,1123.8,,,
2010-10-29,1125.3,,,
2010-11-01,1116.6,,,
2010-11-02,1113.6,,,
2010-11-03,1110.2,,,
2010-11-04,1107.5,,,
2010-11-05,1107.3,,,
2010-11-08,1113.5,,,
2010-11-09,1113.3,,,
2010-11-10,1113.3,,,
2010-11-11,1107.9,,,
2010-11-12,1127.8,,,
2010-11-15,1131.9,,,
2010-11-16,1129.5,,,
2010-11-17,1144.9,,,
2010-11-18,1134.9,,,
2010-11-19,1133.6,,,
2010-11-22,1125.7,,,
2010-11-23,1137.5,,,
2010-11-24,1142.3,,,
2010-11-25,1137.8,,,
2010-11-26,1159.5,,,
2010-11-29,1152.5,,,
2010-11-30,1159.7,,,
2010-12-01,1151.4,,,
2010-12-02,1149.3,,,
2010-12-03,1138.5,,,
2010-12-06,1133.2,,,
2010-12-07,1131.4,,,
2010-12-08,1146,,,
2010-12-09,1139.4,,,
2010-12-10,1143.8,,,
2010-12-13,1146,,,
2010-12-14,1140.4,,,
2010-12-15,1154.8,,,
2010-12-16,1152.6,,,
2010-12-17,1152.9,,,
2010-12-20,1150.2,,,
2010-12-21,1155.3,,,
2010-12-22,1154,,,
2010-12-23,1148.8,,,
2010-12-24,1150.8,,,
2010-12-27,1149,,,
2010-12-28,1148,,,
2010-12-29,1146.4,,,
2010-12-30,1134.8,,,
2011-01-03,1126.5,,,
2011-01-04,1121,,,
2011-01-05,1126,,,
2011-01-06,1119.6,,,
2011-01-07,1122.3,,,
2011-01-10,1124.5,,,
2011-01-11,1125.1,,,
2011-01-12,1119.4,,,
2011-01-13,1114.2,,,
2011-01-14,1114.8,,,
2011-01-17,1117.6,,,
2011-01-18,1116.6,,,
2011-01-19,1110.3,,,
2011-01-20,1121.2,,,
2011-01-21,1124.1,,,
2011-01-24,1121,,,
2011-01-25,1118.1,,,
2011-01-26,1116,,,
2011-01-27,1114.4,,,
2011-01-28,1113.8,,,
2011-01-31,1121.5,,,
2011-02-01,1116.9,,,
2011-02-07,1107.5,,,
2011-02-08,1104.7,,,
2011-02-09,1108.9,,,
2011-02-10,1117,,,
2011-02-11,1122.8,,,
2011-02-14,1122.8,,,
2011-02-15,1119.3,,,
2011-02-16,1120.3,,,
2011-02-17,1117.4,,,
2011-02-18,1112.1,,,
2011-02-21,1118.1,,,
2011-02-22,1127.6,,,
2011-02-23,1124,,,
2011-02-24,1131.2,,,
2011-02-25,1126.5,,,
2011-02-28,1128.7,,,
2011-03-02,1128.2,,,
2011-03-03,1119.9,,,
2011-03-04,1114.6,,,
2011-03-07,1119.2,,,
2011-03-08,1118,,,
2011-03-09,1115.6,,,
2011-03-10,1121.8,,,
2011-03-11,1124.2,,,
2011-03-14,1129.7,,,
2011-03-15,1134.8,,,
2011-03-16,1130.8,,,
2011-03-17,1135.3,,,
2011-03-18,1126.6,,,
2011-03-21,1124.9,,,
2011-03-22,1121,,,
2011-03-23,1124.5,,,
2011-03-24,1121,,,
2011-03-25,1114.2,,,
2011-03-28,1114.4,,,
2011-03-29,1110.2,,,
2011-03-30,1104.2,,,
2011-03-31,1096.7,,,
2011-04-01,1091.1,,,
2011-04-04,1086.6,,,
2011-04-05,1090.2,,,
2011-04-06,1086.8,,,
2011-04-07,1088.5,,,
2011-04-08,1083,,,
2011-04-11,1084.3,,,
2011-04-12,1093.6,,,
2011-04-13,1087.8,,,
2011-04-14,1086.8,,,
2011-04-15,1089.9,,,
2011-04-18,1088.4,,,
2011-04-19,1091.5,,,
2011-04-20,1082.2,,,
2011-04-21,1080.3,,,
2011-04-22,1080.7,,,
2011-04-25,1081.3,,,
2011-04-26,1086.3,,,
2011-04-27,1079.5,,,
2011-04-28,1071.2,,,
2011-04-29,1071.5,,,
2011-05-02,1065,,,
2011-05-03,1068.8,,,
2011-05-04,1074.9,,,
2011-05-06,1083.2,,,
2011-05-09,1082.4,,,
2011-05-11,1074.9,,,
2011-05-12,1085.1,,,
2011-05-13,1086.8,,,
2011-05-16,1091.2,,,
2011-05-17,1088.5,,,
2011-05-18,1087.9,,,
2011-05-19,1086.2,,,
2011-05-20,1082.8,,,
2011-05-23,1097.9,,,
2011-05-24,1093.4,,,
2011-05-25,1101.8,,,
2011-05-26,1088.3,,,
2011-05-27,1082.5,,,
2011-05-30,1080.2,,,
2011-05-31,1079.2,,,
2011-06-01,1074.6,,,
2011-06-02,1080.7,,,
2011-06-03,1080,,,
2011-06-07,1082,,,
2011-06-08,1080.1,,,
2011-06-09,1082.9,,,
2011-06-10,1082.6,,,
2011-06-13,1085.9,,,
2011-06-14,1082.6,,,
2011-06-15,1083.1,,,
2011-06-16,1089.9,,,
2011-06-17,1085.9,,,
2011-06-20,1085.9,,,
2011-06-21,1078.9,,,
2011-06-22,1073.9,,,
2011-06-23,1076.9,,,
2011-06-24,1078.8,,,
2011-06-27,1085.6,,,
2011-06-28,1083.5,,,
2011-06-29,1076.8,,,
2011-06-30,1067.7,,,
2011-07-01,1066.6,,,
2011-07-04,1063.5,,,
2011-07-05,1066.3,,,
2011-07-06,1063.4,,,
2011-07-07,1064.1,,,
2011-07-08,1057,,,
2011-07-11,1057.8,,,
2011-07-12,1066.5,,,
2011-07-13,1060.6,,,
2011-07-14,1058.4,,,
2011-07-15,1058.1,,,
2011-07-18,1060.9,,,
2011-07-19,1059.7,,,
2011-07-20,1055.3,,,
2011-07-21,1054.6,,,
2011-07-22,1051.9,,,
2011-07-25,1056.2,,,
2011-07-26,1051.1,,,
2011-07-27,1050,,,
2011-07-28,1051.7,,,
2011-07-29,1054.5,,,
2011-08-01,1050.5,,,
2011-08-02,1050.8,,,
2011-08-03,1060.4,,,
2011-08-04,1061.7,,,
2011-08-05,1067.4,,,
2011-08-08,1082.5,,,
2011-08-09,1088.1,,,
2011-08-10,1080,,,
2011-08-11,1081.8,,,
2011-08-12,1078.5,,,
2011-08-16,1070,,,
2011-08-17,1071.5,,,
2011-08-18,1074,,,
2011-08-19,1087.4,,,
2011-08-22,1083.8,,,
2011-08-23,1078,,,
2011-08-24,1082.2,,,
2011-08-25,1086.4,,,
2011-08-26,1081.8,,,
2011-08-29,1074,,,
2011-08-30,1071.6,,,
2011-08-31,1066.8,,,
2011-09-01,1061.3,,,
2011-09-02,1063,,,
2011-09-05,1068.8,,,
2011-09-06,1074.9,,,
2011-09-07,1071.8,,,
2011-09-08,1075.1,,,
2011-09-09,1077.3,,,
2011-09-14,1107.8,,,
2011-09-15,1116.4,,,
2011-09-16,1112.5,,,
2011-09-19,1137,,,
2011-09-20,1148.4,,,
2011-09-21,1149.9,,,
2011-09-22,1179.8,,,
2011-09-23,1166,,,
2011-09-26,1195.8,,,
2011-09-27,1173.1,,,
2011-09-28,1171.2,,,
2011-09-29,1173.5,,,
2011-09-30,1178.1,,,
2011-10-04,1194,,,
2011-10-05,1190.4,,,
2011-10-06,1191.3,,,
2011-10-07,1178.5,,,
2011-10-10,1171.4,,,
2011-10-11,1164.5,,,
2011-10-12,1166.7,,,
2011-10-13,1155.9,,,
2011-10-14,1156,,,
2011-10-17,1140.5,,,
2011-10-18,1145.6,,,
2011-10-19,1131.9,,,
2011-10-20,1145,,,
2011-10-21,1147.4,,,
2011-10-24,1134.4,,,
2011-10-25,1129,,,
2011-10-26,1132.3,,,
2011-10-27,1115.2,,,
2011-10-28,1104.9,,,
2011-10-31,1110,,,
2011-11-01,1114,,,
2011-11-02,1121.8,,,
2011-11-03,1129.9,,,
2011-11-04,1110.7,,,
2011-11-07,1116.9,,,
2011-11-08,1121,,,
2011-11-09,1117.4,,,
2011-11-10,1134.2,,,
2011-11-11,1126.7,,,
2011-11-14,1123.2,,,
2011-11-15,1126.1,,,
2011-11-16,1136.6,,,
2011-11-17,1130.7,,,
2011-11-18,1138.9,,,
2011-11-21,1140.7,,,
2011-11-22,1145.3,,,
2011-11-23,1152,,,
2011-11-24,1158.5,,,
2011-11-25,1164.8,,,
2011-11-28,1154.3,,,
2011-11-29,1145.4,,,
2011-11-30,1143,,,
2011-12-01,1126.1,,,
2011-12-02,1131.5,,,
2011-12-05,1129.8,,,
2011-12-06,1131.2,,,
2011-12-07,1126.1,,,
2011-12-08,1131.4,,,
2011-12-09,1146.5,,,
2011-12-12,1146.9,,,
2011-12-13,1154,,,
2011-12-14,1156.2,,,
2011-12-15,1163,,,
2011-12-16,1158.6,,,
2011-12-19,1174.8,,,
2011-12-20,1162.2,,,
2011-12-21,1147.7,,,
2011-12-22,1156.2,,,
2011-12-23,1150.4,,,
2011-12-26,1155,,,
2011-12-27,1158.8,,,
2011-12-28,1156,,,
2011-12-29,1151.8,,,
2012-01-02,1155.8,,,
2012-01-03,1150.8,,,
2012-01-04,1148.6,,,
2012-01-05,1152.7,,,
2012-01-06,1162.9,,,
2012-01-09,1163.6,,,
2012-01-10,1156.5,,,
2012-01-11,1158.7,,,
2012-01-12,1158.2,,,
2012-01-13,1148.3,,,
2012-01-16,1154.7,,,
2012-01-17,1145.5,,,
2012-01-18,1141.8,,,
2012-01-19,1137.1,,,
2012-01-20,1134.3,,,
2012-01-25,1125.9,,,
2012-01-26,1122,,,
2012-01-27,1123.2,,,
2012-01-30,1127.3,,,
2012-01-31,1123.3,,,
2012-02-01,1126.3,,,
2012-02-02,1127.9,,,
2012-02-03,1118.3,,,
2012-02-06,1120.8,,,
2012-02-07,1118.7,,,
2012-02-08,1115.8,,,
2012-02-09,1115.6,,,
2012-02-10,1123.8,,,
2012-02-13,1121.9,,,
2012-02-14,1123.9,,,
2012-02-15,1121.5,,,
2012-02-16,1131.9,,,
2012-02-17,1131.9,,,
2012-02-20,1123.5,,,
2012-02-21,1122.6,,,
2012-02-22,1126,,,
2012-02-23,1126,,,
2012-02-24,1125.8,,,
2012-02-27,1129.1,,,
2012-02-28,1124.5,,,
2012-02-29,1118.7,,,
2012-03-02,1115.5,,,
2012-03-05,1118.5,,,
2012-03-06,1122.9,,,
2012-03-07,1124.8,,,
2012-03-08,1118.3,,,
2012-03-09,1117.8,,,
2012-03-12,1124,,,
2012-03-13,1121.5,,,
2012-03-14,1126.1,,,
2012-03-15,1127.8,,,
2012-03-16,1125.9,,,
2012-03-19,1122.3,,,
2012-03-20,1124.9,,,
2012-03-21,1129.5,,,
2012-03-22,1129.4,,,
2012-03-23,1135.3,,,
2012-03-26,1141.6,,,
2012-03-27,1134.2,,,
2012-03-28,1135.5,,,
2012-03-29,1136.9,,,
2012-03-30,1133,,,
2012-04-02,1127.9,,,
2012-04-03,1121.8,,,
2012-04-04,1129.5,,,
2012-04-05,1127.3,,,
2012-04-06,1131.7,,,
2012-04-09,1138.2,,,
2012-04-10,1139.6,,,
2012-04-12,1140.6,,,
2012-04-13,1134.8,,,
2012-04-16,1138.5,,,
2012-04-17,1140.5,,,
2012-04-18,1137.3,,,
2012-04-19,1138.1,,,
2012-04-20,1139.4,,,
2012-04-23,1139.5,,,
2012-04-24,1140.8,,,
2012-04-25,1141.3,,,
2012-04-26,1136.2,,,
2012-04-27,1135.2,,,
2012-04-30,1130,,,
2012-05-02,1127.5,,,
2012-05-03,1129,,,
2012-05-04,1131.3,,,
2012-05-07,1138.5,,,
2012-05-08,1135.6,,,
2012-05-09,1140.4,,,
2012-05-10,1142.5,,,
2012-05-11,1146.6,,,
2012-05-14,1149.2,,,
2012-05-15,1154.1,,,
2012-05-16,1165.7,,,
2012-05-17,1162.9,,,
2012-05-18,1172.8,,,
2012-05-21,1168.9,,,
2012-05-22,1163.2,,,
2012-05-23,1172.9,,,
2012-05-24,1180.5,,,
2012-05-25,1185.5,,,
2012-05-29,1174.8,,,
2012-05-30,1176.3,,,
2012-05-31,1180.3,,,
2012-06-01,1177.7,,,
2012-06-04,1182,,,
2012-06-05,1180.1,,,
2012-06-07,1171.5,,,
2012-06-08,1175.4,,,
2012-06-11,1165.9,,,
2012-06-12,1170.5,,,
2012-06-13,1168.4,,,
2012-06-14,1166.3,,,
2012-06-15,1165.6,,,
2012-06-18,1157.1,,,
2012-06-19,1156.3,,,
2012-06-20,1151,,,
2012-06-21,1151.6,,,
2012-06-22,1156.8,,,
2012-06-25,1161.7,,,
2012-06-26,1158.4,,,
2012-06-27,1156.2,,,
2012-06-28,1154.2,,,
2012-06-29,1145.4,,,
2012-07-02,1146.1,,,
2012-07-03,1138.3,,,
2012-07-04,1135.8,,,
2012-07-06,1137.8,,,
2012-07-09,1141.1,,,
2012-07-10,1143.7,,,
2012-07-11,1140.9,,,
2012-07-12,1151.5,,,
2012-07-13,1150.3,,,
2012-07-16,1147,,,
2012-07-17,1143.6,,,
2012-07-18,1142.6,,,
2012-07-19,1139.1,,,
2012-07-20,1141.2,,,
2012-07-23,1146.6,,,
2012-07-24,1146.1,,,
2012-07-25,1151.2,,,
2012-07-26,1146.9,,,
2012-07-27,1138.3,,,
2012-07-30,1137.6,,,
2012-07-31,1130.6,,,
2012-08-01,1126.5,,,
2012-08-02,1131.7,,,
2012-08-03,1134.8,,,
2012-08-06,1129,,,
2012-08-07,1128.8,,,
2012-08-08,1128.3,,,
2012-08-09,1125.5,,,
2012-08-10,1130.4,,,
2012-08-13,1131.1,,,
2012-08-14,1129.6,,,
2012-08-16,1134,,,
2012-08-17,1134.3,,,
2012-08-20,1135.5,,,
2012-08-21,1131.1,,,
2012-08-22,1135.9,,,
2012-08-23,1130.5,,,
2012-08-24,1134.1,,,
2012-08-27,1135.4,,,
2012-08-28,1136.7,,,
2012-08-29,1133.4,,,
2012-08-30,1134,,,
2012-08-31,1134.7,,,
2012-09-03,1131,,,
2012-09-04,1133.1,,,
2012-09-05,1136,,,
2012-09-06,1133.8,,,
2012-09-07,1130.3,,,
2012-09-10,1129.3,,,
2012-09-11,1128.2,,,
2012-09-12,1126.4,,,
2012-09-13,1128.4,,,
2012-09-14,1117.2,,,
2012-09-17,1116,,,
2012-09-18,1118.3,,,
2012-09-19,1114.8,,,
2012-09-20,1123.1,,,
2012-09-21,1119,,,
2012-09-24,1120.5,,,
2012-09-25,1119.3,,,
2012-09-26,1121.1,,,
2012-09-27,1116.2,,,
2012-09-28,1111.4,,,
2012-10-02,1112.5,,,
2012-10-04,1113.8,,,
2012-10-05,1111.3,,,
2012-10-08,1112,,,
2012-10-09,1110.7,,,
2012-10-10,1114.6,,,
2012-10-11,1114.3,,,
2012-10-12,1111.2,,,
2012-10-15,1110.5,,,
2012-10-16,1107.2,,,
2012-10-17,1105.5,,,
2012-10-18,1104.3,,,
2012-10-19,1103.3,,,
2012-10-22,1104.2,,,
2012-10-23,1103.1,,,
2012-10-24,1103.6,,,
2012-10-25,1098.2,,,
2012-10-26,1097,,,
2012-10-29,1095.8,,,
2012-10-30,1091.5,,,
2012-10-31,1090.7,,,
2012-11-01,1092.3,,,
2012-11-02,1090.9,,,
2012-11-05,1091.2,,,
2012-11-06,1090.7,,,
2012-11-07,1085.4,,,
2012-11-08,1089.3,,,
2012-11-09,1087.6,,,
2012-11-12,1088.6,,,
2012-11-13,1089.9,,,
2012-11-14,1084.9,,,
2012-11-15,1086.7,,,
2012-11-16,1092.2,,,
2012-11-19,1087,,,
2012-11-20,1082.2,,,
2012-11-21,1083.2,,,
2012-11-22,1085.9,,,
2012-11-23,1086.1,,,
2012-11-26,1085.5,,,
2012-11-27,1084.1,,,
2012-11-28,1086.5,,,
2012-11-29,1084.1,,,
2012-11-30,1082.9,,,
2012-12-03,1083.1,,,
2012-12-04,1083.4,,,
2012-12-05,1081.5,,,
2012-12-06,1083,,,
2012-12-07,1081.7,,,
2012-12-10,1079,,,
2012-12-11,1076.7,,,
2012-12-12,1075,,,
2012-12-13,1073,,,
2012-12-14,1074.6,,,
2012-12-17,1072.5,,,
2012-12-18,1072.8,,,
2012-12-20,1074.7,,,
2012-12-21,1074.7,,,
2012-12-24,1074.3,,,
2012-12-26,1074.2,,,
2012-12-27,1072.2,,,
2012-12-28,1070.6,,,
2012-12-31,1070.6,,,
2013-01-02,1063.5,,,
2013-01-03,1061.5,,,
2013-01-04,1063.6,,,
2013-01-07,1063.7,,,
2013-01-08,1063,,,
2013-01-09,1061.7,,,
2013-01-10,1060.4,,,
2013-01-11,1054.7,,,
2013-01-14,1056.1,,,
2013-01-15,1056.5,,,
2013-01-16,1058.7,,,
2013-01-17,1058.1,,,
2013-01-18,1057.2,,,
2013-01-21,1062.9,,,
2013-01-22,1062.3,,,
2013-01-23,1066.2,,,
2013-01-24,1068.7,,,
2013-01-25,1074.5,,,
2013-01-28,1093.5,,,
2013-01-29,1082.5,,,
2013-01-30,1085.5,,,
2013-01-31,1089,,,
2013-02-01,1097.4,,,
2013-02-04,1084.6,,,
2013-02-05,1087,,,
2013-02-06,1088.1,,,
2013-02-07,1088.3,,,
2013-02-08,1095.7,,,
2013-02-12,1090.8,,,
2013-02-13,1086.8,,,
2013-02-14,1083.8,,,
2013-02-15,1078.3,,,
2013-02-18,1082.1,,,
2013-02-19,1081.2,,,
2013-02-20,1078.5,,,
2013-02-21,1086.2,,,
2013-02-22,1084.7,,,
2013-02-25,1086.3,,,
2013-02-26,1088,,,
2013-02-27,1084.4,,,
2013-02-28,1083,,,
2013-03-04,1093.2,,,
2013-03-05,1087,,,
2013-03-06,1082.6,,,
2013-03-07,1087.1,,,
2013-03-08,1090.3,,,
2013-03-11,1094.8,,,
2013-03-12,1095.2,,,
2013-03-13,1097.4,,,
2013-03-14,1109,,,
2013-03-15,1110.3,,,
2013-03-18,1114.6,,,
2013-03-19,1111.6,,,
2013-03-20,1116.1,,,
2013-03-21,1115.7,,,
2013-03-22,1119.3,,,
2013-03-25,1110.8,,,
2013-03-26,1105.7,,,
2013-03-27,1111.6,,,
2013-03-28,1112.7,,,
2013-03-29,1111.1,,,
2013-04-01,1114.8,,,
2013-04-02,1118,,,
2013-04-03,1117.5,,,
2013-04-04,1123.8,,,
2013-04-05,1131.8,,,
2013-04-08,1140.1,,,
2013-04-09,1139.4,,,
2013-04-10,1135.7,,,
2013-04-11,1129.1,,,
2013-04-12,1129.1,,,
2013-04-15,1120.5,,,
2013-04-16,1115.2,,,
2013-04-17,1118.5,,,
2013-04-18,1124,,,
2013-04-19,1116.3,,,
2013-04-22,1119,,,
2013-04-23,1120.8,,,
2013-04-24,1117.7,,,
2013-04-25,1112.1,,,
2013-04-26,1112.3,,,
2013-04-29,1107.2,,,
2013-04-30,1101.2,,,
2013-05-02,1101.6,,,
2013-05-03,1097.1,,,
2013-05-06,1094.5,,,
2013-05-07,1091.4,,,
2013-05-08,1086.5,,,
2013-05-09,1091,,,
2013-05-10,1106.1,,,
2013-05-13,1111.7,,,
2013-05-14,1106.6,,,
2013-05-15,1114.5,,,
2013-05-16,1116.4,,,
2013-05-20,1116.8,,,
2013-05-21,1110.6,,,
2013-05-22,1114,,,
2013-05-23,1128.7,,,
2013-05-24,1127.4,,,
2013-05-27,1122.4,,,
2013-05-28,1126.9,,,
2013-05-29,1132.9,,,
2013-05-30,1127.4,,,
2013-05-31,1129.7,,,
2013-06-03,1128,,,
2013-06-04,1122.2,,,
2013-06-05,1115.8,,,
2013-06-07,1117.1,,,
2013-06-10,1127.3,,,
2013-06-11,1134,,,
2013-06-12,1133.6,,,
2013-06-13,1134.4,,,
2013-06-14,1126.5,,,
2013-06-17,1126.2,,,
2013-06-18,1131.1,,,
2013-06-19,1130.8,,,
2013-06-20,1145.7,,,
2013-06-21,1154.7,,,
2013-06-24,1161.4,,,
2013-06-25,1160.2,,,
2013-06-26,1154.5,,,
2013-06-27,1149.7,,,
2013-06-28,1142,,,
2013-07-01,1132.4,,,
2013-07-02,1134,,,
2013-07-03,1143.7,,,
2013-07-04,1139.4,,,
2013-07-05,1142.3,,,
2013-07-08,1152.3,,,
2013-07-09,1141.7,,,
2013-07-10,1135.8,,,
2013-07-11,1122.1,,,
2013-07-12,1124.5,,,
2013-07-15,1122,,,
2013-07-16,1118,,,
2013-07-17,1121.6,,,
2013-07-18,1126.3,,,
2013-07-19,1121.7,,,
2013-07-22,1118.9,,,
2013-07-23,1117,,,
2013-07-24,1112.7,,,
2013-07-25,1116.1,,,
2013-07-26,1111.1,,,
2013-07-29,1110.5,,,
2013-07-30,1113.8,,,
2013-07-31,1123.5,,,
2013-08-01,1123.5,,,
2013-08-02,1123.6,,,
2013-08-05,1113.8,,,
2013-08-06,1115.5,,,
2013-08-07,1118.7,,,
2013-08-08,1113,,,
2013-08-09,1112.2,,,
2013-08-12,1113.7,,,
2013-08-13,1115.3,,,
2013-08-14,1118.7,,,
2013-08-16,1113.6,,,
2013-08-19,1115.6,,,
2013-08-20,1120.8,,,
2013-08-21,1117.4,,,
2013-08-22,1123,,,
2013-08-23,1116.9,,,
2013-08-26,1112.7,,,
2013-08-27,1116.3,,,
2013-08-28,1115.4,,,
2013-08-29,1109.7,,,
2013-08-30,1110,,,
2013-09-02,1100.5,,,
2013-09-03,1097.9,,,
2013-09-04,1094.5,,,
2013-09-05,1098.4,,,
2013-09-06,1093,,,
2013-09-09,1086.8,,,
2013-09-10,1084.1,,,
2013-09-11,1086.5,,,
2013-09-12,1085,,,
2013-09-13,1087,,,
2013-09-16,1082.2,,,
2013-09-17,1084.1,,,
2013-09-23,1073.8,,,
2013-09-24,1072.2,,,
2013-09-25,1076.7,,,
2013-09-26,1075.1,,,
2013-09-27,1073.7,,,
2013-09-30,1074.7,,,
2013-10-01,1073.5,,,
2013-10-02,1074,,,
2013-10-04,1070.3,,,
2013-10-07,1071.5,,,
2013-10-08,1073.7,,,
2013-10-10,1073.6,,,
2013-10-11,1071.4,,,
2013-10-14,1071.5,,,
2013-10-15,1066.8,,,
2013-10-16,1065.5,,,
2013-10-17,1063.7,,,
2013-10-18,1060.8,,,
2013-10-21,1062.2,,,
2013-10-22,1060.8,,,
2013-10-23,1055.8,,,
2013-10-24,1061,,,
2013-10-25,1061.8,,,
2013-10-28,1061.1,,,
2013-10-29,1060.6,,,
2013-10-30,1060.2,,,
2013-10-31,1060.7,,,
2013-11-01,1060.7,,,
2013-11-04,1062.9,,,
2013-11-05,1061.2,,,
2013-11-06,1060.9,,,
2013-11-07,1061.4,,,
2013-11-08,1064.9,,,
2013-11-11,1072.5,,,
2013-11-12,1071.4,,,
2013-11-13,1072.6,,,
2013-11-14,1067.9,,,
2013-11-15,1063.4,,,
2013-11-18,1057.9,,,
2013-11-19,1056.4,,,
2013-11-20,1057.9,,,
2013-11-21,1062.9,,,
2013-11-22,1060.2,,,
2013-11-25,1061.9,,,
2013-11-26,1059.9,,,
2013-11-27,1061.1,,,
2013-11-28,1061.5,,,
2013-11-29,1058.2,,,
2013-12-02,1057.2,,,
2013-12-03,1061.2,,,
2013-12-04,1060.5,,,
2013-12-05,1059.6,,,
2013-12-06,1058,,,
2013-12-09,1053,,,
2013-12-10,1052.2,,,
2013-12-11,1052.1,,,
2013-12-12,1051,,,
2013-12-13,1052.6,,,
2013-12-16,1051.5,,,
2013-12-17,1051.1,,,
2013-12-18,1051.3,,,
2013-12-19,1060.1,,,
2013-12-20,1061.2,,,
2013-12-23,1060.7,,,
2013-12-24,1059.3,,,
2013-12-26,1059.3,,,
2013-12-27,1053.9,,,
2013-12-30,1055.4,,,
2014-01-02,1050.3,,,
2014-01-03,1055.2,,,
2014-01-06,1065.4,,,
2014-01-07,1068.3,,,
2014-01-08,1064.9,,,
2014-01-09,1062.9,,,
2014-01-10,1061.4,,,
2014-01-13,1056.7,,,
2014-01-14,1059.1,,,
2014-01-15,1062.7,,,
2014-01-16,1063.4,,,
2014-01-17,1059.7,,,
2014-01-20,1063.7,,,
2014-01-21,1065.3,,,
2014-01-22,1067.4,,,
2014-01-23,1073.9,,,
2014-01-24,1080.4,,,
2014-01-27,1083.6,,,
2014-01-28,1081.2,,,
2014-01-31,1070.4,,,
2014-02-03,1084.5,,,
2014-02-04,1083.8,,,
2014-02-05,1077.9,,,
2014-02-06,1079,,,
2014-02-07,1074.3,,,
2014-02-10,1071.2,,,
2014-02-11,1071.1,,,
2014-02-12,1062.4,,,
2014-02-13,1066.4,,,
2014-02-14,1063.7,,,
2014-02-17,1060.5,,,
2014-02-18,1065.7,,,
2014-02-19,1065.5,,,
2014-02-20,1072.2,,,
2014-02-21,1072.1,,,
2014-02-24,1072.1,,,
2014-02-25,1072.9,,,
2014-02-26,1065.4,,,
2014-02-27,1068.8,,,
2014-02-28,1067.5,,,
2014-03-03,1070.2,,,
2014-03-04,1073.5,,,
2014-03-05,1070.9,,,
2014-03-06,1064.1,,,
2014-03-07,1060.6,,,
2014-03-10,1066.5,,,
2014-03-11,1065.1,,,
2014-03-12,1070.4,,,
2014-03-13,1069,,,
2014-03-14,1072.8,,,
2014-03-17,1067.4,,,
2014-03-18,1069.2,,,
2014-03-19,1070.5,,,
2014-03-20,1076.2,,,
2014-03-21,1080.3,,,
2014-03-24,1077.8,,,
2014-03-25,1079.4,,,
2014-03-26,1075,,,
2014-03-27,1071.5,,,
2014-03-28,1069.3,,,
2014-03-31,1064.7,,,
2014-04-01,1058.5,,,
2014-04-02,1056.6,,,
2014-04-03,1057.9,,,
2014-04-04,1053.5,,,
2014-04-07,1055.4,,,
2014-04-08,1052.2,,,
2014-04-09,1041.4,,,
2014-04-10,1040.2,,,
2014-04-11,1035,,,
2014-04-14,1038.9,,,
2014-04-15,1040.9,,,
2014-04-16,1037.7,,,
2014-04-17,1038.8,,,
2014-04-18,1037.4,,,
2014-04-21,1039,,,
2014-04-22,1037.7,,,
2014-04-23,1039.8,,,
2014-04-24,1039.2,,,
2014-04-25,1041.5,,,
2014-04-28,1035,,,
2014-04-29,1030.6,,,
2014-04-30,1033.2,,,
2014-05-02,1030.3,,,
2014-05-06,1030.3,,,
2014-05-07,1022.5,,,
2014-05-08,1022.6,,,
2014-05-09,1024.4,,,
2014-05-12,1024.4,,,
2014-05-13,1022.1,,,
2014-05-14,1027.9,,,
2014-05-15,1025.3,,,
2014-05-16,1024,,,
2014-05-19,1022,,,
2014-05-20,1025.3,,,
2014-05-21,1026.9,,,
2014-05-22,1024.2,,,
2014-05-23,1024.6,,,
2014-05-26,1024,,,
2014-05-27,1023.2,,,
2014-05-28,1021.4,,,
2014-05-29,1020.6,,,
2014-05-30,1020.1,,,
2014-06-02,1024.1,,,
2014-06-03,1023.1,,,
2014-06-05,1020.5,,,
2014-06-09,1016.2,,,
2014-06-10,1017.2,,,
2014-06-11,1015.7,,,
2014-06-12,1017.7,,,
2014-06-13,1017.8,,,
2014-06-16,1020.1,,,
2014-06-17,1021.9,,,
2014-06-18,1022.4,,,
2014-06-19,1018.7,,,
2014-06-20,1020.6,,,
2014-06-23,1018.5,,,
2014-06-24,1018.4,,,
2014-06-25,1021,,,
2014-06-26,1016.2,,,
2014-06-27,1013.4,,,
2014-06-30,1011.8,,,
2014-07-01,1011.8,,,
2014-07-02,1009.2,,,
2014-07-03,1008.5,,,
2014-07-04,1008.9,,,
2014-07-07,1010.5,,,
2014-07-08,1011.9,,,
2014-07-09,1012.1,,,
2014-07-10,1013.4,,,
2014-07-11,1019,,,
2014-07-14,1018.2,,,
2014-07-15,1027.4,,,
2014-07-16,1032.1,,,
2014-07-17,1029.1,,,
2014-07-18,1029.5,,,
2014-07-21,1026.8,,,
2014-07-22,1024.5,,,
2014-07-23,1023.7,,,
2014-07-24,1028.6,,,
2014-07-25,1025.9,,,
2014-07-28,1026.3,,,
2014-07-29,1024.4,,,
2014-07-30,1024.3,,,
2014-07-31,1027.9,,,
2014-08-01,1037.1,,,
2014-08-04,1033.5,,,
2014-08-05,1028.2,,,
2014-08-06,1033.7,,,
2014-08-07,1037.6,,,
2014-08-08,1036.5,,,
2014-08-11,1030.3,,,
2014-08-12,1026.4,,,
2014-08-13,1028.9,,,
2014-08-14,1021.2,,,
2014-08-18,1017.6,,,
2014-08-19,1017.3,,,
2014-08-20,1022.7,,,
2014-08-21,1023.6,,,
2014-08-22,1017.7,,,
2014-08-25,1020.2,,,
2014-08-26,1016.8,,,
2014-08-27,1014.4,,,
2014-08-28,1014.4,,,
2014-08-29,1014,,,
2014-09-01,1013.1,,,
2014-09-02,1018.3,,,
2014-09-03,1020,,,
2014-09-04,1019,,,
2014-09-05,1024.2,,,
2014-09-11,1036.1,,,
2014-09-12,1035.3,,,
2014-09-15,1038,,,
2014-09-16,1036.7,,,
2014-09-17,1034.9,,,
2014-09-18,1043.4,,,
2014-09-19,1044.6,,,
2014-09-22,1040.7,,,
2014-09-23,1040,,,
2014-09-24,1039.9,,,
2014-09-25,1042.6,,,
2014-09-26,1044.4,,,
2014-09-29,1053.8,,,
2014-09-30,1055.2,,,
2014-10-01,1062.7,,,
2014-10-02,1061.4,,,
2014-10-06,1069,,,
2014-10-07,1066.1,,,
2014-10-08,1074.1,,,
2014-10-10,1070.5,,,
2014-10-13,1067.9,,,
2014-10-14,1064.5,,,
2014-10-15,1063.1,,,
2014-10-16,1061.5,,,
2014-10-17,1065.9,,,
2014-10-20,1059.6,,,
2014-10-21,1054.7,,,
2014-10-22,1051.4,,,
2014-10-23,1056.1,,,
2014-10-24,1057.5,,,
2014-10-27,1052.2,,,
2014-10-28,1049.7,,,
2014-10-29,1047.3,,,
2014-10-30,1055.5,,,
2014-10-31,1068.5,,,
2014-11-03,1072.6,,,
2014-11-04,1076.5,,,
2014-11-05,1083.6,,,
2014-11-06,1083.8,,,
2014-11-07,1093.7,,,
2014-11-10,1085,,,
2014-11-11,1091.6,,,
2014-11-12,1096,,,
2014-11-13,1096.6,,,
2014-11-14,1100.5,,,
2014-11-17,1093.9,,,
2014-11-18,1099,,,
2014-11-19,1106.3,,,
2014-11-20,1115.1,,,
2014-11-21,1113.8,,,
2014-11-24,1112.3,,,
2014-11-25,1109.1,,,
2014-11-26,1106.5,,,
2014-11-27,1098.4,,,
2014-11-28,1107.9,,,
2014-12-01,1113.5,,,
2014-12-02,1106.8,,,
2014-12-03,1112.9,,,
2014-12-04,1115.2,,,
2014-12-05,1114.1,,,
2014-12-08,1117.7,,,
2014-12-09,1107.8,,,
2014-12-10,1102.2,,,
2014-12-11,1100.9,,,
2014-12-12,1103.1,,,
2014-12-15,1099.1,,,
2014-12-16,1086.7,,,
2014-12-17,1094.9,,,
2014-12-18,1101.5,,,
2014-12-19,1102,,,
2014-12-22,1096.2,,,
2014-12-23,1102.7,,,
2014-12-24,1102.6,,,
2014-12-26,1098.7,,,
2014-12-29,1097.8,,,
2014-12-30,1099.3,,,
2015-01-02,1103.5,,,
2015-01-05,1109.9,,,
2015-01-06,1098.8,,,
2015-01-07,1099.9,,,
2015-01-08,1096.9,,,
2015-01-09,1090,,,
2015-01-12,1081.4,,,
2015-01-13,1083.5,,,
2015-01-14,1082.2,,,
2015-01-15,1083.3,,,
2015-01-16,1077.3,,,
2015-01-19,1078,,,
2015-01-20,1088.4,,,
2015-01-21,1083.4,,,
2015-01-22,1084.9,,,
2015-01-23,1084.1,,,
2015-01-26,1080.8,,,
2015-01-27,1079.8,,,
2015-01-28,1084.5,,,
2015-01-29,1093.9,,,
2015-01-30,1093.5,,,
2015-02-02,1103.3,,,
2015-02-03,1097.4,,,
2015-02-04,1084.1,,,
2015-02-05,1090.5,,,
2015-02-06,1089.7,,,
2015-02-09,1094.9,,,
2015-02-10,1089.7,,,
2015-02-11,1097.7,,,
2015-02-12,1110.7,,,
2015-02-13,1097,,,
2015-02-16,1102.4,,,
2015-02-17,1101.8,,,
2015-02-23,1108.7,,,
2015-02-24,1109.9,,,
2015-02-25,1099,,,
2015-02-26,1097.2,,,
2015-02-27,1098.4,,,
2015-03-02,1100.8,,,
2015-03-03,1096.4,,,
2015-03-04,1097.7,,,
2015-03-05,1101.3,,,
2015-03-06,1098.7,,,
2015-03-09,1112.1,,,
2015-03-10,1122.6,,,
2015-03-11,1126.5,,,
2015-03-12,1126.4,,,
2015-03-13,1128.5,,,
2015-03-16,1131.5,,,
2015-03-17,1128.9,,,
2015-03-18,1129.9,,,
2015-03-19,1117.2,,,
2015-03-20,1123,,,
2015-03-23,1114.6,,,
2015-03-24,1104.6,,,
2015-03-25,1100.8,,,
2015-03-26,1108,,,
2015-03-27,1103.3,,,
2015-03-30,1104.9,,,
2015-03-31,1109.5,,,
2015-04-01,1102.4,,,
2015-04-02,1095.5,,,
2015-04-03,1092.7,,,
2015-04-06,1084.8,,,
2015-04-07,1088.5,,,
2015-04-08,1091,,,
2015-04-09,1092.3,,,
2015-04-10,1092.7,,,
2015-04-13,1098.6,,,
2015-04-14,1094,,,
2015-04-15,1096.8,,,
2015-04-16,1088.9,,,
2015-04-17,1083.7,,,
2015-04-20,1079.2,,,
2015-04-21,1083.4,,,
2015-04-22,1079.6,,,
2015-04-23,1082.2,,,
2015-04-24,1079.4,,,
2015-04-27,1073,,,
2015-04-28,1070,,,
2015-04-29,1068.6,,,
2015-04-30,1072.4,,,
2015-05-04,1079.2,,,
2015-05-06,1080,,,
2015-05-07,1089.7,,,
2015-05-08,1088.3,,,
2015-05-11,1091.3,,,
2015-05-12,1095.8,,,
2015-05-13,1099.7,,,
2015-05-14,1090.5,,,
2015-05-15,1085.7,,,
2015-05-18,1085.6,,,
2015-05-19,1088.1,,,
2015-05-20,1096,,,
2015-05-21,1094,,,
2015-05-22,1090.1,,,
2015-05-26,1101,,,
2015-05-27,1105.5,,,
2015-05-28,1105.8,,,
2015-05-29,1108.2,,,
2015-06-01,1110.2,,,
2015-06-02,1112.4,,,
2015-06-03,1104.7,,,
2015-06-04,1113.9,,,
2015-06-05,1111.1,,,
2015-06-08,1123.3,,,
2015-06-09,1118.9,,,
2015-06-10,1108.2,,,
2015-06-11,1108.8,,,
2015-06-12,1114.7,,,
2015-06-15,1117.3,,,
2015-06-16,1118.6,,,
2015-06-17,1117.9,,,
2015-06-18,1107.1,,,
2015-06-19,1107.1,,,
2015-06-22,1098.8,,,
2015-06-23,1104.6,,,
2015-06-24,1108.4,,,
2015-06-25,1110,,,
2015-06-26,1116.9,,,
2015-06-29,1125.3,,,
2015-06-30,1115.5,,,
2015-07-01,1117.5,,,
2015-07-02,1125,,,
2015-07-03,1123,,,
2015-07-06,1126.5,,,
2015-07-07,1130.2,,,
2015-07-08,1136.7,,,
2015-07-09,1133.9,,,
2015-07-10,1129.7,,,
2015-07-13,1130.6,,,
2015-07-14,1142.6,,,
2015-07-15,1143.6,,,
2015-07-16,1149.2,,,
2015-07-17,1147.5,,,
2015-07-20,1152.1,,,
2015-07-21,1158.3,,,
2015-07-22,1153.6,,,
2015-07-23,1165.1,,,
2015-07-24,1167.9,,,
2015-07-27,1167,,,
2015-07-28,1164.9,,,
2015-07-29,1158.4,,,
2015-07-30,1168.4,,,
2015-07-31,1170,,,
2015-08-03,1165.9,,,
2015-08-04,1165.5,,,
2015-08-05,1173.6,,,
2015-08-06,1166.2,,,
2015-08-07,1167.4,,,
2015-08-10,1163.2,,,
2015-08-11,1179.1,,,
2015-08-12,1190.8,,,
2015-08-13,1174,,,
2015-08-17,1183.1,,,
2015-08-18,1185,,,
2015-08-19,1185.3,,,
2015-08-20,1185.1,,,
2015-08-21,1195,,,
2015-08-24,1199,,,
2015-08-25,1195.3,,,
2015-08-26,1186,,,
2015-08-27,1185.2,,,
2015-08-28,1173.6,,,
2015-08-31,1182.5,,,
2015-09-01,1171.8,,,
2015-09-02,1180.7,,,
2015-09-03,1190.3,,,
2015-09-04,1193.4,,,
2015-09-07,1203.7,,,
2015-09-08,1200.9,,,
2015-09-09,1189.4,,,
2015-09-10,1194.4,,,
2015-09-11,1184.5,,,
2015-09-14,1183.1,,,
2015-09-15,1186.7,,,
2015-09-16,1175.9,,,
2015-09-17,1165.9,,,
2015-09-18,1162.8,,,
2015-09-21,1174.7,,,
2015-09-22,1179.2,,,
2015-09-23,1191.2,,,
2015-09-24,1192.5,,,
2015-09-25,1194.7,,,
2015-09-30,1185.3,,,
2015-10-01,1176.3,,,
2015-10-02,1180.7,,,
2015-10-05,1172.4,,,
2015-10-06,1165.9,,,
2015-10-07,1161.3,,,
2015-10-08,1161.3,,,
2015-10-12,1143.5,,,
2015-10-13,1149.7,,,
2015-10-14,1146.8,,,
2015-10-15,1130.2,,,
2015-10-16,1129.1,,,
2015-10-19,1121,,,
2015-10-20,1131,,,
2015-10-21,1132.5,,,
2015-10-22,1138.6,,,
2015-10-23,1124.7,,,
2015-10-26,1133.8,,,
2015-10-27,1131,,,
2015-10-28,1131,,,
2015-10-29,1142.3,,,
2015-10-30,1140.1,,,
2015-11-02,1137,,,
2015-11-03,1133.1,,,
2015-11-04,1132,,,
2015-11-05,1138.5,,,
2015-11-06,1141.9,,,
2015-11-09,1157.2,,,
2015-11-10,1156.9,,,
2015-11-11,1154.9,,,
2015-11-12,1158.2,,,
2015-11-13,1163.8,,,
2015-11-16,1174.1,,,
2015-11-17,1170.4,,,
2015-11-18,1172.2,,,
2015-11-19,1161.7,,,
2015-11-20,1154.3,,,
2015-11-23,1158.5,,,
2015-11-24,1153.8,,,
2015-11-25,1143.4,,,
2015-11-26,1147.3,,,
2015-11-27,1153,,,
2015-11-30,1158.1,,,
2015-12-01,1158,,,
2015-12-02,1164.3,,,
2015-12-03,1164.6,,,
2015-12-04,1156.7,,,
2015-12-07,1168.2,,,
2015-12-08,1178.6,,,
2015-12-09,1179.3,,,
2015-12-10,1181.3,,,
2015-12-11,1179.5,,,
2015-12-14,1184.8,,,
2015-12-15,1183.4,,,
2015-12-16,1176.2,,,
2015-12-17,1180.1,,,
2015-12-18,1183,,,
2015-12-21,1177.6,,,
2015-12-22,1173.3,,,
2015-12-23,1173.1,,,
2015-12-24,1167.8,,,
2015-12-28,1165.4,,,
2015-12-29,1169.6,,,
2015-12-30,1172.5,,,
2016-01-04,1187.7,,,
2016-01-05,1188,,,
2016-01-06,1197.9,,,
2016-01-07,1200.6,,,
2016-01-08,1198.1,,,
2016-01-11,1209.8,,,
2016-01-12,1210.3,,,
2016-01-13,1204,,,
2016-01-14,1213.4,,,
2016-01-15,1213.4,,,
2016-01-18,1210.9,,,
2016-01-19,1205.9,,,
2016-01-20,1214,,,
2016-01-21,1213.7,,,
2016-01-22,1200.1,,,
2016-01-25,1194.2,,,
2016-01-26,1204.2,,,
2016-01-27,1202,,,
2016-01-28,1208.5,,,
2016-01-29,1199.1,,,
2016-02-01,1200.5,,,
2016-02-02,1207.4,,,
2016-02-03,1219.3,,,
2016-02-04,1202.1,,,
2016-02-05,1197.4,,,
2016-02-11,1202.5,,,
2016-02-12,1211.7,,,
2016-02-15,1208.1,,,
2016-02-16,1216.6,,,
2016-02-17,1227.1,,,
2016-02-18,1227.4,,,
2016-02-19,1234.4,,,
2016-02-22,1234.4,,,
2016-02-23,1231.1,,,
2016-02-24,1234.4,,,
2016-02-25,1238.8,,,
2016-02-26,1238.2,,,
2016-02-29,1236.7,,,
2016-03-02,1227.5,,,
2016-03-03,1214.6,,,
2016-03-04,1203.4,,,
2016-03-07,1201.4,,,
2016-03-08,1206.7,,,
2016-03-09,1216.2,,,
2016-03-10,1203.5,,,
2016-03-11,1193.1,,,
2016-03-14,1186.1,,,
2016-03-15,1187.7,,,
2016-03-16,1193.3,,,
2016-03-17,1173.3,,,
2016-03-18,1162.5,,,
2016-03-21,1163.5,,,
2016-03-22,1153.6,,,
2016-03-23,1161.2,,,
2016-03-24,1166.3,,,
2016-03-25,1169.2,,,
2016-03-28,1166.2,,,
2016-03-29,1163.8,,,
2016-03-30,1150.8,,,
2016-03-31,1143.5,,,
2016-04-01,1154.2,,,
2016-04-04,1146.1,,,
2016-04-05,1155.1,,,
2016-04-06,1156.1,,,
2016-04-07,1151.4,,,
2016-04-08,1153.8,,,
2016-04-11,1146.5,,,
2016-04-12,1145.8,,,
2016-04-14,1156.7,,,
2016-04-15,1146.2,,,
2016-04-18,1150.2,,,
2016-04-19,1136.3,,,
2016-04-20,1135.2,,,
2016-04-21,1132.9,,,
2016-04-22,1143.1,,,
2016-04-25,1147.8,,,
2016-04-26,1151,,,
2016-04-27,1148.3,,,
2016-04-28,1138.2,,,
2016-04-29,1139.3,,,
2016-05-02,1137.8,,,
2016-05-03,1140.2,,,
2016-05-04,1154.3,,,
2016-05-09,1165.8,,,
2016-05-10,1172.6,,,
2016-05-11,1167.6,,,
2016-05-12,1162.6,,,
2016-05-13,1171.4,,,
2016-05-16,1179.7,,,
2016-05-17,1173.7,,,
2016-05-18,1182.6,,,
2016-05-19,1191.7,,,
2016-05-20,1190.2,,,
2016-05-23,1182.9,,,
2016-05-24,1192.7,,,
2016-05-25,1182.5,,,
2016-05-26,1180.4,,,
2016-05-27,1179.3,,,
2016-05-30,1191.8,,,
2016-05-31,1191.7,,,
2016-06-01,1193,,,
2016-06-02,1186.6,,,
2016-06-03,1183.6,,,
2016-06-07,1162.7,,,
2016-06-08,1156.6,,,
2016-06-09,1156,,,
2016-06-10,1165.5,,,
2016-06-13,1173.4,,,
2016-06-14,1173.2,,,
2016-06-15,1173.3,,,
2016-06-16,1171.4,,,
2016-06-17,1172.7,,,
2016-06-20,1160.8,,,
2016-06-21,1156.6,,,
2016-06-22,1154.4,,,
2016-06-23,1150.2,,,
2016-06-24,1179.9,,,
2016-06-27,1182.3,,,
2016-06-28,1171.3,,,
2016-06-29,1160.2,,,
2016-06-30,1151.8,,,
2016-07-01,1145,,,
2016-07-04,1146.9,,,
2016-07-05,1155.4,,,
2016-07-06,1165.6,,,
2016-07-07,1154.6,,,
2016-07-08,1161.8,,,
2016-07-11,1146.7,,,
2016-07-12,1148,,,
2016-07-13,1146.4,,,
2016-07-14,1137.4,,,
2016-07-15,1133.9,,,
2016-07-18,1136.4,,,
2016-07-19,1135.5,,,
2016-07-20,1141,,,
2016-07-21,1135.9,,,
2016-07-22,1134.4,,,
2016-07-25,1137,,,
2016-07-26,1134.9,,,
2016-07-27,1134.2,,,
2016-07-28,1124.4,,,
2016-07-29,1120.2,,,
2016-08-01,1108,,,
2016-08-02,1110,,,
2016-08-03,1117.6,,,
2016-08-04,1114,,,
2016-08-05,1110.4,,,
2016-08-08,1108.3,,,
2016-08-09,1106.1,,,
2016-08-10,1095.4,,,
2016-08-11,1099.5,,,
2016-08-12,1103.3,,,
2016-08-16,1092.2,,,
2016-08-17,1108.3,,,
2016-08-18,1107.2,,,
2016-08-19,1117.6,,,
2016-08-22,1126.5,,,
2016-08-23,1115.6,,,
2016-08-24,1122,,,
2016-08-25,1115.9,,,
2016-08-26,1113.7,,,
2016-08-29,1125,,,
2016-08-30,1119.9,,,
2016-08-31,1114.8,,,
2016-09-01,1122.1,,,
2016-09-02,1117.2,,,
2016-09-05,1105.1,,,
2016-09-06,1105.2,,,
2016-09-07,1090,,,
2016-09-08,1092.6,,,
2016-09-09,1098.4,,,
2016-09-12,1113.5,,,
2016-09-13,1118.8,,,
2016-09-19,1118.1,,,
2016-09-20,1120.6,,,
2016-09-21,1120.1,,,
2016-09-22,1103.3,,,
2016-09-23,1102.4,,,
2016-09-26,1107.9,,,
2016-09-27,1096.5,,,
2016-09-28,1096.8,,,
2016-09-29,1098.8,,,
2016-09-30,1101.3,,,
2016-10-04,1107.8,,,
2016-10-05,1113.7,,,
2016-10-06,1112.2,,,
2016-10-07,1115.5,,,
2016-10-10,1108.4,,,
2016-10-11,1120.4,,,
2016-10-12,1123.6,,,
2016-10-13,1135.9,,,
2016-10-14,1132.1,,,
2016-10-17,1137.9,,,
2016-10-18,1129.4,,,
2016-10-19,1123.2,,,
2016-10-20,1127.5,,,
2016-10-21,1134.9,,,
2016-10-24,1131,,,
2016-10-25,1133.5,,,
2016-10-26,1134,,,
2016-10-27,1142.5,,,
2016-10-28,1144.9,,,
2016-10-31,1144.5,,,
2016-11-01,1139.9,,,
2016-11-02,1149.8,,,
2016-11-03,1139.6,,,
2016-11-04,1143.4,,,
2016-11-07,1143.1,,,
2016-11-08,1135,,,
2016-11-09,1149.5,,,
2016-11-10,1150.6,,,
2016-11-11,1164.8,,,
2016-11-14,1171.9,,,
2016-11-15,1170.6,,,
2016-11-16,1169.2,,,
2016-11-17,1175.9,,,
2016-11-18,1183.2,,,
2016-11-21,1186.6,,,
2016-11-22,1176.1,,,
2016-11-23,1176.2,,,
2016-11-24,1180.1,,,
2016-11-25,1177.4,,,
2016-11-28,1170.4,,,
2016-11-29,1168.5,,,
2016-11-30,1169.2,,,
2016-12-01,1167.6,,,
2016-12-02,1172.6,,,
2016-12-05,1174.6,,,
2016-12-06,1171.4,,,
2016-12-07,1167.9,,,
2016-12-08,1158.5,,,
2016-12-09,1165.9,,,
2016-12-12,1168.2,,,
2016-12-13,1167,,,
2016-12-14,1169.7,,,
2016-12-15,1178.5,,,
2016-12-16,1183.9,,,
2016-12-19,1186.9,,,
2016-12-20,1193.4,,,
2016-12-21,1193.9,,,
2016-12-22,1199.1,,,
2016-12-23,1203,,,
2016-12-26,1201.4,,,
2016-12-27,1207.6,,,
2016-12-28,1210.5,,,
2016-12-29,1207.7,,,
2017-01-02,1208,,,
2017-01-03,1203.5,,,
2017-01-04,1206.4,,,
2017-01-05,1186.3,,,
2017-01-06,1193,,,
2017-01-09,1208.3,,,
2017-01-10,1194.6,,,
2017-01-11,1196.4,,,
2017-01-12,1184.7,,,
2017-01-13,1174.7,,,
2017-01-16,1182.1,,,
2017-01-17,1174.5,,,
2017-01-18,1166.7,,,
2017-01-19,1177.6,,,
2017-01-20,1169.2,,,
2017-01-23,1165.5,,,
2017-01-24,1165.9,,,
2017-01-25,1166,,,
2017-01-26,1159.2,,,
2017-01-31,1162.1,,,
2017-02-01,1158.1,,,
2017-02-02,1146.8,,,
2017-02-03,1147.6,,,
2017-02-06,1137.9,,,
2017-02-07,1144.3,,,
2017-02-08,1147.2,,,
2017-02-09,1145.8,,,
2017-02-10,1150.6,,,
2017-02-13,1152,,,
2017-02-14,1137.4,,,
2017-02-15,1142.2,,,
2017-02-16,1141.5,,,
2017-02-17,1146.3,,,
2017-02-20,1147.5,,,
2017-02-21,1146.1,,,
2017-02-22,1142.6,,,
2017-02-23,1137.3,,,
2017-02-24,1131.5,,,
2017-02-27,1133.7,,,
2017-02-28,1130.7,,,
2017-03-02,1141.6,,,
2017-03-03,1156.1,,,
2017-03-06,1158,,,
2017-03-07,1146.1,,,
2017-03-08,1145.5,,,
2017-03-09,1158.1,,,
2017-03-10,1157.4,,,
2017-03-13,1144.4,,,
2017-03-14,1148.8,,,
2017-03-15,1143.6,,,
2017-03-16,1132,,,
2017-03-17,1130.9,,,
2017-03-20,1120.1,,,
2017-03-21,1120.3,,,
2017-03-22,1123.3,,,
2017-03-23,1122.4,,,
2017-03-24,1122.6,,,
2017-03-27,1112.8,,,
2017-03-28,1113,,,
2017-03-29,1114.2,,,
2017-03-30,1117.2,,,
2017-03-31,1118.4,,,
2017-04-03,1115.3,,,
2017-04-04,1121.9,,,
2017-04-05,1124.4,,,
2017-04-06,1133.2,,,
2017-04-07,1134.5,,,
2017-04-10,1142.2,,,
2017-04-11,1145.8,,,
2017-04-12,1141.4,,,
2017-04-13,1129.7,,,
2017-04-14,1140,,,
2017-04-17,1137.7,,,
2017-04-18,1142.4,,,
2017-04-19,1140.2,,,
2017-04-20,1139.8,,,
2017-04-21,1134.4,,,
2017-04-24,1129.9,,,
2017-04-25,1125.4,,,
2017-04-26,1125.1,,,
2017-04-27,1130.1,,,
2017-04-28,1137.9,,,
2017-05-02,1130.5,,,
2017-05-04,1132.7,,,
2017-05-08,1131.4,,,
2017-05-10,1135.8,,,
2017-05-11,1127.9,,,
2017-05-12,1127.4,,,
2017-05-15,1123.6,,,
2017-05-16,1116,,,
2017-05-17,1118.3,,,
2017-05-18,1124.5,,,
2017-05-19,1127.2,,,
2017-05-22,1118.6,,,
2017-05-23,1124.2,,,
2017-05-24,1126.8,,,
2017-05-25,1116.5,,,
2017-05-26,1120.7,,,
2017-05-29,1121.7,,,
2017-05-30,1125.1,,,
2017-05-31,1119.5,,,
2017-06-01,1122,,,
2017-06-02,1121.8,,,
2017-06-05,1118.3,,,
2017-06-07,1124,,,
2017-06-08,1122.1,,,
2017-06-09,1123.2,,,
2017-06-12,1127.3,,,
2017-06-13,1128.3,,,
2017-06-14,1123.9,,,
2017-06-15,1124.1,,,
2017-06-16,1134.1,,,
2017-06-19,1132.7,,,
2017-06-20,1135.4,,,
2017-06-21,1144,,,
2017-06-22,1140.9,,,
2017-06-23,1138.8,,,
2017-06-26,1137.1,,,
2017-06-27,1136.9,,,
2017-06-28,1144,,,
2017-06-29,1141.1,,,
2017-06-30,1144.1,,,
2017-07-03,1146.9,,,
2017-07-04,1150.6,,,
2017-07-05,1150.5,,,
2017-07-06,1157.4,,,
2017-07-07,1154.3,,,
2017-07-10,1149.5,,,
2017-07-11,1151.1,,,
2017-07-12,1145.1,,,
2017-07-13,1136.3,,,
2017-07-14,1133.3,,,
2017-07-17,1128.3,,,
2017-07-18,1123.1,,,
2017-07-19,1120.6,,,
2017-07-20,1125.5,,,
2017-07-21,1118.2,,,
2017-07-24,1114,,,
2017-07-25,1115.3,,,
2017-07-26,1121.8,,,
2017-07-27,1112.8,,,
2017-07-28,1122.1,,,
2017-07-31,1119,,,
2017-08-01,1121.3,,,
2017-08-02,1124,,,
2017-08-03,1128.8,,,
2017-08-04,1125,,,
2017-08-07,1127.1,,,
2017-08-08,1125.1,,,
2017-08-09,1135.2,,,
2017-08-10,1142,,,
2017-08-11,1143.5,,,
2017-08-14,1139.7,,,
2017-08-16,1141.5,,,
2017-08-17,1137.2,,,
2017-08-18,1141.3,,,
2017-08-21,1139,,,
2017-08-22,1133.8,,,
2017-08-23,1131.8,,,
2017-08-24,1127.9,,,
2017-08-25,1128.2,,,
2017-08-28,1120.1,,,
2017-08-29,1126.4,,,
2017-08-30,1124.2,,,
2017-08-31,1127.8,,,
2017-09-01,1122.8,,,
2017-09-04,1133,,,
2017-09-05,1131.1,,,
2017-09-06,1135.4,,,
2017-09-07,1129.4,,,
2017-09-08,1127.5,,,
2017-09-11,1131.9,,,
2017-09-12,1128.5,,,
2017-09-13,1128.5,,,
2017-09-14,1132.6,,,
2017-09-15,1131.7,,,
2017-09-18,1126.6,,,
2017-09-19,1131.3,,,
2017-09-20,1128.3,,,
2017-09-21,1132.7,,,
2017-09-22,1136.5,,,
2017-09-25,1131.8,,,
2017-09-26,1136.8,,,
2017-09-27,1140.7,,,
2017-09-28,1149.1,,,
2017-09-29,1145.4,,,
2017-10-03,1124.6,,,
2017-10-10,1135.1,,,
2017-10-11,1135.2,,,
2017-10-12,1133.2,,,
2017-10-13,1128.9,,,
2017-10-16,1127.8,,,
2017-10-17,1132.5,,,
2017-10-18,1129.9,,,
2017-10-19,1132.4,,,
2017-10-20,1131,,,
2017-10-23,1130.2,,,
2017-10-24,1127.4,,,
2017-10-25,1127.9,,,
2017-10-26,1124.6,,,
2017-10-27,1130.5,,,
2017-10-30,1124.6,,,
2017-10-31,1120.4,,,
2017-11-01,1114.5,,,
2017-11-02,1114.4,,,
2017-11-03,1113.8,,,
2017-11-06,1115,,,
2017-11-07,1111.9,,,
2017-11-08,1115.6,,,
2017-11-09,1115.6,,,
2017-11-10,1117.1,,,
2017-11-13,1120.6,,,
2017-11-14,1118.1,,,
2017-11-15,1112.3,,,
2017-11-16,1101.4,,,
2017-11-17,1097.5,,,
2017-11-20,1100.6,,,
2017-11-21,1095.8,,,
2017-11-22,1089.1,,,
2017-11-23,1085.4,,,
2017-11-24,1085.4,,,
2017-11-27,1088.6,,,
2017-11-28,1084.4,,,
2017-11-29,1076.8,,,
2017-11-30,1088.2,,,
2017-12-01,1086.4,,,
2017-12-04,1088.7,,,
2017-12-05,1085.8,,,
2017-12-06,1093.7,,,
2017-12-07,1093.5,,,
2017-12-08,1093.3,,,
2017-12-11,1092.3,,,
2017-12-12,1092.4,,,
2017-12-13,1090.7,,,
2017-12-14,1089.1,,,
2017-12-15,1089.8,,,
2017-12-18,1088.5,,,
2017-12-19,1084.9,,,
2017-12-20,1080.9,,,
2017-12-21,1082.7,,,
2017-12-22,1079.7,,,
2017-12-26,1076.1,,,
2017-12-27,1074.1,,,
2017-12-28,1070.5,,,
2018-01-02,1061.2,,,
2018-01-03,1064.5,,,
2018-01-04,1062.2,,,
2018-01-05,1062.7,,,
2018-01-08,1066,,,
2018-01-09,1067.1,,,
2018-01-10,1071.9,,,
2018-01-11,1072,,,
2018-01-12,1064.8,,,
2018-01-15,1062.7,,,
2018-01-16,1062.7,,,
2018-01-17,1069.3,,,
2018-01-18,1070.7,,,
2018-01-19,1065.9,,,
2018-01-22,1070.1,,,
2018-01-23,1070.2,,,
2018-01-24,1070.2,,,
2018-01-25,1058.6,,,
2018-01-26,1063.9,,,
2018-01-29,1065.6,,,
2018-01-30,1073.6,,,
2018-01-31,1067.9,,,
2018-02-01,1071.9,,,
2018-02-02,1079.7,,,
2018-02-05,1088.5,,,
2018-02-06,1091.5,,,
2018-02-07,1086.6,,,
2018-02-08,1087.9,,,
2018-02-09,1092.1,,,
2018-02-12,1084.6,,,
2018-02-13,1084.5,,,
2018-02-14,1077.2,,,
2018-02-19,1067.6,,,
2018-02-20,1073.5,,,
2018-02-21,1076.2,,,
2018-02-22,1084.3,,,
2018-02-23,1079,,,
2018-02-26,1073.4,,,
2018-02-27,1071.3,,,
2018-02-28,1082.8,,,
2018-03-02,1080.3,,,
2018-03-05,1082,,,
2018-03-06,1076.1,,,
2018-03-07,1069.1,,,
2018-03-08,1070.2,,,
2018-03-09,1069.8,,,
2018-03-12,1065.2,,,
2018-03-13,1067.5,,,
2018-03-14,1064.6,,,
2018-03-15,1065.4,,,
2018-03-16,1066.2,,,
2018-03-19,1071.6,,,
2018-03-20,1068.6,,,
2018-03-21,1072.3,,,
2018-03-22,1072.7,,,
2018-03-23,1082.2,,,
2018-03-26,1081.1,,,
2018-03-27,1070.3,,,
2018-03-28,1070.8,,,
2018-03-29,1065.9,,,
2018-03-30,1063.5,,,
2018-04-02,1056.6,,,
2018-04-03,1054.2,,,
2018-04-04,1059.8,,,
2018-04-05,1059.7,,,
2018-04-06,1069.6,,,
2018-04-09,1067.1,,,
2018-04-10,1066.4,,,
2018-04-11,1066.3,,,
2018-04-12,1069.5,,,
2018-04-13,1069.5,,,
2018-04-16,1074,,,
2018-04-17,1067,,,
2018-04-18,1068.7,,,
2018-04-19,1061.5,,,
2018-04-20,1067.3,,,
2018-04-23,1069,,,
2018-04-24,1076.8,,,
2018-04-25,1080.6,,,
2018-04-26,1080.9,,,
2018-04-27,1076.6,,,
2018-04-30,1068,,,
2018-05-02,1076.1,,,
2018-05-03,1076.3,,,
2018-05-04,1077.2,,,
2018-05-08,1076.5,,,
2018-05-09,1080.9,,,
2018-05-10,1073.1,,,
2018-05-11,1069.3,,,
2018-05-14,1068,,,
2018-05-15,1073.8,,,
2018-05-16,1077.6,,,
2018-05-17,1081.2,,,
2018-05-18,1077.6,,,
2018-05-21,1085.4,,,
2018-05-23,1080.7,,,
2018-05-24,1079.6,,,
2018-05-25,1078,,,
2018-05-28,1074.2,,,
2018-05-29,1076.8,,,
2018-05-30,1080.9,,,
2018-05-31,1077.7,,,
2018-06-01,1075,,,
2018-06-04,1071.9,,,
2018-06-05,1070.7,,,
2018-06-07,1069,,,
2018-06-08,1075.9,,,
2018-06-11,1075.2,,,
2018-06-12,1077.2,,,
2018-06-14,1083.1,,,
2018-06-15,1097.7,,,
2018-06-18,1104.8,,,
2018-06-19,1109.1,,,
2018-06-20,1105.1,,,
2018-06-21,1112.8,,,
2018-06-22,1107.4,,,
2018-06-25,1117.2,,,
2018-06-26,1114.8,,,
2018-06-27,1117.6,,,
2018-06-28,1124.2,,,
2018-06-29,1114.5,,,
2018-07-02,1120,,,
2018-07-03,1118.7,,,
2018-07-04,1114.5,,,
2018-07-05,1118.6,,,
2018-07-06,1115.9,,,
2018-07-09,1112.2,,,
2018-07-10,1116,,,
2018-07-11,1120,,,
2018-07-12,1125.9,,,
2018-07-13,1123.5,,,
2018-07-16,1129.2,,,
2018-07-17,1124.1,,,
2018-07-18,1132.3,,,
2018-07-19,1133.2,,,
2018-07-20,1133.7,,,
2018-07-23,1131.4,,,
2018-07-24,1135.2,,,
2018-07-25,1126.3,,,
2018-07-26,1119.3,,,
2018-07-27,1118.1,,,
2018-07-30,1120.2,,,
2018-07-31,1118.7,,,
2018-08-01,1120.6,,,
2018-08-02,1126.1,,,
2018-08-03,1127.6,,,
2018-08-06,1124,,,
2018-08-07,1123.8,,,
2018-08-08,1119.9,,,
2018-08-09,1117.2,,,
2018-08-10,1128.9,,,
2018-08-13,1133.9,,,
2018-08-14,1127.9,,,
2018-08-16,1130.1,,,
2018-08-17,1124.9,,,
2018-08-20,1123.1,,,
2018-08-21,1118.4,,,
2018-08-22,1118.9,,,
2018-08-23,1121.4,,,
2018-08-24,1118.9,,,
2018-08-27,1113.8,,,
2018-08-28,1110,,,
2018-08-29,1110.2,,,
2018-08-30,1108.6,,,
2018-08-31,1112.9,,,
2018-09-03,1110.3,,,
2018-09-04,1114.9,,,
2018-09-05,1121.5,,,
2018-09-06,1124,,,
2018-09-07,1122.8,,,
2018-09-10,1128.4,,,
2018-09-11,1125.3,,,
2018-09-12,1128.6,,,
2018-09-13,1122.4,,,
2018-09-14,1116.6,,,
2018-09-17,1126.6,,,
2018-09-18,1123.2,,,
2018-09-19,1121.1,,,
2018-09-20,1120.4,,,
2018-09-21,1115.3,,,
2018-09-27,1112.5,,,
2018-09-28,1109.3,,,
2018-10-01,1111.8,,,
2018-10-02,1119.2,,,
2018-10-04,1129.9,,,
2018-10-05,1130.4,,,
2018-10-08,1132.7,,,
2018-10-10,1134,,,
2018-10-11,1144.4,,,
2018-10-12,1131.4,,,
2018-10-15,1134.3,,,
2018-10-16,1128,,,
2018-10-17,1126.5,,,
2018-10-18,1135.2,,,
2018-10-19,1132.1,,,
2018-10-22,1128.4,,,
2018-10-23,1137.6,,,
2018-10-24,1132.3,,,
2018-10-25,1138,,,
2018-10-26,1141.9,,,
2018-10-29,1141.4,,,
2018-10-30,1139.2,,,
2018-10-31,1139.6,,,
2018-11-01,1138.1,,,
2018-11-02,1121.6,,,
2018-11-05,1123.5,,,
2018-11-06,1123.8,,,
2018-11-07,1123.3,,,
2018-11-08,1117.3,,,
2018-11-09,1128.3,,,
2018-11-12,1133.9,,,
2018-11-13,1133.3,,,
2018-11-14,1134.3,,,
2018-11-15,1129.2,,,
2018-11-16,1128.5,,,
2018-11-19,1128.6,,,
2018-11-20,1125.8,,,
2018-11-21,1131.6,,,
2018-11-22,1129.2,,,
2018-11-23,1130.5,,,
2018-11-26,1128.9,,,
2018-11-27,1129.4,,,
2018-11-28,1126.5,,,
2018-11-29,1119.2,,,
2018-11-30,1121.2,,,
2018-12-03,1110.7,,,
2018-12-04,1105.3,,,
2018-12-05,1114.1,,,
2018-12-06,1120.3,,,
2018-12-07,1119.8,,,
2018-12-10,1126.5,,,
2018-12-11,1130.1,,,
2018-12-12,1128.5,,,
2018-12-13,1123.4,,,
2018-12-14,1130.8,,,
2018-12-17,1131.3,,,
2018-12-18,1129.6,,,
2018-12-19,1123.5,,,
2018-12-20,1127.8,,,
2018-12-21,1122.4,,,
2018-12-24,1125.2,,,
2018-12-26,1125.4,,,
2018-12-27,1120,,,
2018-12-28,1115.7,,,
2019-01-02,1119,,,
2019-01-03,1127.7,,,
2019-01-04,1124.5,,,
2019-01-07,1118.6,,,
2019-01-08,1124.1,,,
2019-01-09,1122.1,,,
2019-01-10,1118.3,,,
2019-01-11,1116.4,,,
2019-01-14,1123,,,
2019-01-15,1120.7,,,
2019-01-16,1120.1,,,
2019-01-17,1122.5,,,
2019-01-18,1121.9,,,
2019-01-21,1128.1,,,
2019-01-22,1130.5,,,
2019-01-23,1127.3,,,
2019-01-24,1128.6,,,
2019-01-25,1121.3,,,
2019-01-28,1117.7,,,
2019-01-29,1116.5,,,
2019-01-30,1116.3,,,
2019-01-31,1112.7,,,
2019-02-01,1118.8,,,
2019-02-07,1124.1,,,
2019-02-08,1123.9,,,
2019-02-11,1124.7,,,
2019-02-12,1123.9,,,
2019-02-13,1121.7,,,
2019-02-14,1125.1,,,
2019-02-15,1128.7,,,
2019-02-18,1125.8,,,
2019-02-19,1128.2,,,
2019-02-20,1123.5,,,
2019-02-21,1125.2,,,
2019-02-22,1125.2,,,
2019-02-25,1121,,,
2019-02-26,1118.6,,,
2019-02-27,1119.1,,,
2019-02-28,1124.7,,,
2019-03-04,1124.9,,,
2019-03-05,1125.5,,,
2019-03-06,1128.8,,,
2019-03-07,1129,,,
2019-03-08,1136.2,,,
2019-03-11,1133.7,,,
2019-03-12,1129.8,,,
2019-03-13,1132.6,,,
2019-03-14,1134.8,,,
2019-03-15,1137.3,,,
2019-03-18,1132.1,,,
2019-03-19,1130.6,,,
2019-03-20,1130.4,,,
2019-03-21,1127.7,,,
2019-03-22,1130.1,,,
2019-03-25,1134.2,,,
2019-03-26,1133.4,,,
2019-03-27,1134.5,,,
2019-03-28,1136.8,,,
2019-03-29,1135.1,,,
2019-04-01,1133.7,,,
2019-04-02,1136.4,,,
2019-04-03,1134.3,,,
2019-04-04,1136.3,,,
2019-04-05,1136.6,,,
2019-04-08,1144.7,,,
2019-04-09,1142.1,,,
2019-04-10,1138.6,,,
2019-04-11,1139.4,,,
2019-04-12,1139.4,,,
2019-04-15,1133.1,,,
2019-04-16,1135.7,,,
2019-04-17,1134.8,,,
2019-04-18,1136.9,,,
2019-04-19,1136.9,,,
2019-04-22,1141.5,,,
2019-04-23,1141.8,,,
2019-04-24,1150.9,,,
2019-04-25,1160.5,,,
2019-04-26,1161,,,
2019-04-29,1158.5,,,
2019-04-30,1168.2,,,
2019-05-02,1165.7,,,
2019-05-03,1170,,,
2019-05-07,1166.5,,,
2019-05-08,1169.4,,,
2019-05-09,1179.8,,,
2019-05-10,1177,,,
2019-05-13,1187.5,,,
2019-05-14,1189.4,,,
2019-05-15,1188.6,,,
2019-05-16,1191.5,,,
2019-05-17,1195.7,,,
2019-05-20,1194.2,,,
2019-05-21,1194,,,
2019-05-22,1192.8,,,
2019-05-23,1189.2,,,
2019-05-24,1188.4,,,
2019-05-27,1184.5,,,
2019-05-28,1185.8,,,
2019-05-29,1193.9,,,
2019-05-30,1188.8,,,
2019-05-31,1190.9,,,
2019-06-03,1182.1,,,
2019-06-04,1182.8,,,
2019-06-05,1178.6,,,
2019-06-07,1181.4,,,
2019-06-10,1185.2,,,
2019-06-11,1180.4,,,
2019-06-12,1182.6,,,
2019-06-13,1183.1,,,
2019-06-14,1185.3,,,
2019-06-17,1186.5,,,
2019-06-18,1185.8,,,
2019-06-19,1176.1,,,
2019-06-20,1162.1,,,
2019-06-21,1164,,,
2019-06-24,1156.5,,,
2019-06-25,1156.2,,,
2019-06-26,1156.6,,,
2019-06-27,1158.1,,,
2019-06-28,1154.7,,,
2019-07-01,1158.8,,,
2019-07-02,1166,,,
2019-07-03,1171.3,,,
2019-07-04,1168.6,,,
2019-07-05,1170.4,,,
2019-07-08,1182,,,
2019-07-09,1180.5,,,
2019-07-10,1181.6,,,
2019-07-11,1173.5,,,
2019-07-12,1179.2,,,
2019-07-15,1179.3,,,
2019-07-16,1177.6,,,
2019-07-17,1181.3,,,
2019-07-18,1178.8,,,
2019-07-19,1174.5,,,
2019-07-22,1178.3,,,
2019-07-23,1178.9,,,
2019-07-24,1177.9,,,
2019-07-25,1181.5,,,
2019-07-26,1184.8,,,
2019-07-29,1183.5,,,
2019-07-30,1181.6,,,
2019-07-31,1183.1,,,
2019-08-01,1188.5,,,
2019-08-02,1198,,,
2019-08-05,1215.3,,,
2019-08-06,1215.3,,,
2019-08-07,1214.9,,,
2019-08-08,1209.2,,,
2019-08-09,1210.5,,,
2019-08-12,1216.2,,,
2019-08-13,1222.2,,,
2019-08-14,1212.7,,,
2019-08-16,1210.8,,,
2019-08-19,1211,,,
2019-08-20,1208.3,,,
2019-08-21,1202.5,,,
2019-08-22,1207.4,,,
2019-08-23,1210.6,,,
2019-08-26,1217.8,,,
2019-08-27,1211.2,,,
2019-08-28,1213.9,,,
2019-08-29,1216.4,,,
2019-08-30,1211.2,,,
2019-09-02,1210.8,,,
2019-09-03,1215.6,,,
2019-09-04,1208.2,,,
2019-09-05,1200.2,,,
2019-09-06,1196.9,,,
2019-09-09,1193,,,
2019-09-10,1193.3,,,
2019-09-11,1191,,,
2019-09-16,1183.1,,,
2019-09-17,1190.7,,,
2019-09-18,1191.3,,,
2019-09-19,1193.6,,,
2019-09-20,1188,,,
2019-09-23,1194,,,
2019-09-24,1195.7,,,
2019-09-25,1198.8,,,
2019-09-26,1198.8,,,
2019-09-27,1199.9,,,
2019-09-30,1196.2,,,
2019-10-01,1199,,,
2019-10-02,1206,,,
2019-10-04,1196.8,,,
2019-10-07,1196.6,,,
2019-10-08,1193.1,,,
2019-10-10,1196.2,,,
2019-10-11,1188.8,,,
2019-10-14,1184.9,,,
2019-10-15,1185.2,,,
2019-10-16,1187.8,,,
2019-10-17,1187,,,
2019-10-18,1181.5,,,
2019-10-21,1172,,,
2019-10-22,1169.7,,,
2019-10-23,1172.4,,,
2019-10-24,1172.9,,,
2019-10-25,1173,,,
2019-10-28,1170.7,,,
2019-10-29,1163,,,
2019-10-30,1168.1,,,
2019-10-31,1163.4,,,
2019-11-01,1165.6,,,
2019-11-04,1159.2,,,
2019-11-05,1157.5,,,
2019-11-06,1156.9,,,
2019-11-07,1159.3,,,
2019-11-08,1157.5,,,
2019-11-11,1166.8,,,
2019-11-12,1160.8,,,
2019-11-13,1167.8,,,
2019-11-14,1169.7,,,
2019-11-15,1166.6,,,
2019-11-18,1164.5,,,
2019-11-19,1167.6,,,
2019-11-20,1170.1,,,
2019-11-21,1178.1,,,
2019-11-22,1178.9,,,
2019-11-25,1176,,,
2019-11-26,1176.7,,,
2019-11-27,1177.2,,,
2019-11-28,1179,,,
2019-11-29,1181.2,,,
2019-12-02,1183.1,,,
2019-12-03,1187.2,,,
2019-12-04,1194.3,,,
2019-12-05,1190.2,,,
2019-12-06,1189.6,,,
2019-12-09,1189.9,,,
2019-12-10,1191.3,,,
2019-12-11,1194.7,,,
2019-12-12,1186.8,,,
2019-12-13,1171.7,,,
2019-12-16,1172.3,,,
2019-12-17,1166.2,,,
2019-12-18,1168.8,,,
2019-12-19,1165.6,,,
2019-12-20,1160.6,,,
2019-12-23,1164.3,,,
2019-12-24,1163.9,,,
2019-12-26,1161.8,,,
2019-12-27,1161.5,,,
2019-12-30,1156.4,,,
2020-01-02,1158.1,,,
2020-01-03,1167.1,,,
2020-01-06,1172.1,,,
2020-01-07,1166.4,,,
2020-01-08,1170.8,,,
2020-01-09,1159.1,,,
2020-01-10,1161.3,,,
2020-01-13,1156,,,
2020-01-14,1156.1,,,
2020-01-15,1157,,,
2020-01-16,1161.1,,,
2020-01-17,1159.4,,,
2020-01-20,1158.1,,,
2020-01-21,1167,,,
2020-01-22,1164.6,,,
2020-01-23,1168.7,,,
2020-01-28,1176.7,,,
2020-01-29,1177.2,,,
2020-01-30,1185,,,
2020-01-31,1191.8,,,
2020-02-03,1195,,,
2020-02-04,1187.4,,,
2020-02-05,1191.5,,,
2020-02-06,1179.8,,,
2020-02-07,1186.5,,,
2020-02-10,1187.1,,,
2020-02-11,1181.6,,,
2020-02-12,1179.5,,,
2020-02-13,1182.8,,,
2020-02-14,1183,,,
2020-02-17,1183.9,,,
2020-02-18,1189.5,,,
2020-02-19,1189.3,,,
2020-02-20,1198.7,,,
2020-02-21,1209.2,,,
2020-02-24,1220.2,,,
2020-02-25,1210.3,,,
2020-02-26,1216.9,,,
2020-02-27,1217.2,,,
2020-02-28,1213.7,,,
2020-03-02,1193.7,,,
2020-03-03,1195.2,,,
2020-03-04,1187.8,,,
2020-03-05,1181.2,,,
2020-03-06,1192.3,,,
2020-03-09,1204.2,,,
2020-03-10,1193.2,,,
2020-03-11,1193,,,
2020-03-12,1206.5,,,
2020-03-13,1219.3,,,
2020-03-16,1226,,,
2020-03-17,1243.5,,,
2020-03-18,1245.7,,,
2020-03-19,1285.7,,,
2020-03-20,1246.5,,,
2020-03-23,1266.5,,,
2020-03-24,1249.6,,,
2020-03-25,1229.9,,,
2020-03-26,1232.8,,,
2020-03-27,1210.6,,,
2020-03-30,1224.4,,,
2020-03-31,1217.4,,,
2020-04-01,1230.5,,,
2020-04-02,1228.3,,,
2020-04-03,1230.9,,,
2020-04-06,1229.3,,,
2020-04-07,1221.2,,,
2020-04-08,1220.9,,,
2020-04-09,1219.5,,,
2020-04-10,1208.8,,,
2020-04-13,1217.9,,,
2020-04-14,1217.3,,,
2020-04-16,1228.7,,,
2020-04-17,1217.9,,,
2020-04-20,1220.5,,,
2020-04-21,1229.7,,,
2020-04-22,1232.2,,,
2020-04-23,1229.7,,,
2020-04-24,1235.5,,,
2020-04-27,1226.2,,,
2020-04-28,1225.2,,,
2020-04-29,1218.2,,,
2020-05-04,1229.1,,,
2020-05-06,1222.1,,,
2020-05-07,1225,,,
2020-05-08,1219.9,,,
2020-05-11,1220.5,,,
2020-05-12,1224.8,,,
2020-05-13,1223.8,,,
2020-05-14,1228,,,
2020-05-15,1231,,,
2020-05-18,1232.4,,,
2020-05-19,1225.3,,,
2020-05-20,1230.3,,,
2020-05-21,1230.9,,,
2020-05-22,1237,,,
2020-05-25,1244.2,,,
2020-05-26,1234.3,,,
2020-05-27,1234.4,,,
2020-05-28,1239.6,,,
2020-05-29,1238.5,,,
2020-06-01,1225,,,
2020-06-02,1225.4,,,
2020-06-03,1216.8,,,
2020-06-04,1218.7,,,
2020-06-05,1207.1,,,
2020-06-08,1204.8,,,
2020-06-09,1197.7,,,
2020-06-10,1191.2,,,
2020-06-11,1196.4,,,
2020-06-12,1203.8,,,
2020-06-15,1216,,,
2020-06-16,1207,,,
2020-06-17,1213.9,,,
2020-06-18,1208,,,
2020-06-19,1209.6,,,
2020-06-22,1215.8,,,
2020-06-23,1208.8,,,
2020-06-24,1199.4,,,
2020-06-25,1204.7,,,
2020-06-26,1200.6,,,
2020-06-29,1198.6,,,
2020-06-30,1203,,,
2020-07-01,1203.4,,,
2020-07-02,1200,,,
2020-07-03,1198.6,,,
2020-07-06,1195.8,,,
2020-07-07,1195.7,,,
2020-07-08,1195.5,,,
2020-07-09,1195.5,,,
2020-07-10,1204.5,,,
2020-07-13,1200.9,,,
2020-07-14,1205.7,,,
2020-07-15,1200.5,,,
2020-07-16,1205.6,,,
2020-07-17,1205.1,,,
2020-07-20,1203.2,,,
2020-07-21,1197.8,,,
2020-07-22,1195.3,,,
2020-07-23,1197.3,,,
2020-07-24,1201.5,,,
2020-07-27,1196.1,,,
2020-07-28,1196.9,,,
2020-07-29,1193.1,,,
2020-07-30,1194.4,,,
2020-07-31,1191.3,,,
2020-08-03,1193.4,,,
2020-08-04,1194.1,,,
2020-08-05,1188.8,,,
2020-08-06,1183.5,,,
2020-08-07,1184.7,,,
2020-08-10,1185.6,,,
2020-08-11,1185.6,,,
2020-08-12,1185.3,,,
2020-08-13,1183.3,,,
2020-08-14,1184.6,,,
2020-08-18,1183.7,,,
2020-08-19,1181.2,,,
2020-08-20,1186.9,,,
2020-08-21,1186.3,,,
2020-08-24,1189.1,,,
2020-08-25,1185.1,,,
2020-08-26,1186.8,,,
2020-08-27,1185,,,
2020-08-28,1184.3,,,
2020-08-31,1187.8,,,
2020-09-01,1183,,,
2020-09-02,1185.4,,,
2020-09-03,1188.3,,,
2020-09-04,1189.6,,,
2020-09-07,1188.3,,,
2020-09-08,1186.4,,,
2020-09-09,1189.1,,,
2020-09-10,1184.9,,,
2020-09-11,1186.9,,,
2020-09-14,1183.5,,,
2020-09-15,1179,,,
2020-09-16,1176.1,,,
2020-09-17,1174.4,,,
2020-09-18,1160.3,,,
2020-09-21,1158,,,
2020-09-22,1165,,,
2020-09-23,1164.4,,,
2020-09-24,1172.7,,,
2020-09-25,1172.3,,,
2020-09-28,1173.6,,,
2020-09-29,1169.5,,,
2020-10-05,1163.4,,,
2020-10-06,1161,,,
2020-10-07,1158.2,,,
2020-10-08,1153.3,,,
2020-10-12,1146.8,,,
2020-10-13,1147.1,,,
2020-10-14,1146.9,,,
2020-10-15,1143.2,,,
2020-10-16,1147.4,,,
2020-10-19,1142,,,
2020-10-20,1139.4,,,
2020-10-21,1131.9,,,
2020-10-22,1132.9,,,
2020-10-23,1132.9,,,
2020-10-26,1127.7,,,
2020-10-27,1125.5,,,
2020-10-28,1130.6,,,
2020-10-29,1131.4,,,
2020-10-30,1135.1,,,
2020-11-02,1133.6,,,
2020-11-03,1134.1,,,
2020-11-04,1137.7,,,
2020-11-05,1128.2,,,
2020-11-06,1120.4,,,
2020-11-09,1113.9,,,
2020-11-10,1115.1,,,
2020-11-11,1110,,,
2020-11-12,1114.8,,,
2020-11-13,1115.6,,,
2020-11-16,1109.3,,,
2020-11-17,1106.6,,,
2020-11-18,1103.8,,,
2020-11-19,1115.6,,,
2020-11-20,1114.3,,,
2020-11-23,1110.4,,,
2020-11-24,1112.7,,,
2020-11-25,1108.9,,,
2020-11-26,1104.6,,,
2020-11-27,1103.2,,,
2020-11-30,1106.5,,,
2020-12-01,1106.2,,,
2020-12-02,1100.8,,,
2020-12-03,1097,,,
2020-12-04,1082.1,,,
2020-12-07,1082.1,,,
2020-12-08,1085.4,,,
2020-12-09,1084.8,,,
2020-12-10,1087.7,,,
2020-12-11,1090.3,,,
2020-12-14,1091.8,,,
2020-12-15,1093.3,,,
2020-12-16,1094,,,
2020-12-17,1093.3,,,
2020-12-18,1099.7,,,
2020-12-21,1102.7,,,
2020-12-22,1107.4,,,
2020-12-23,1107.9,,,
2020-12-24,1103,,,
2020-12-28,1096.7,,,
2020-12-29,1092.1,,,
2020-12-30,1086.3,,,
2021-01-04,1082.1,,,
2021-01-05,1087.6,,,
2021-01-06,1085.6,,,
2021-01-07,1087.3,,,
2021-01-08,1089.8,,,
2021-01-11,1097.3,,,
2021-01-12,1099.9,,,
2021-01-13,1095.1,,,
2021-01-14,1098,,,
2021-01-15,1099.4,,,
2021-01-18,1103.9,,,
2021-01-19,1102.9,,,
2021-01-20,1100.3,,,
2021-01-21,1098.2,,,
2021-01-22,1103.2,,,
2021-01-25,1100.7,,,
2021-01-26,1106.5,,,
2021-01-27,1104.4,,,
2021-01-28,1119.6,,,
2021-01-29,1118.8,,,
2021-02-01,1116.5,,,
2021-02-02,1117.7,,,
2021-02-03,1114.9,,,
2021-02-04,1118.5,,,
2021-02-05,1123.7,,,
2021-02-08,1119.6,,,
2021-02-09,1116.6,,,
2021-02-10,1107,,,
2021-02-15,1101.4,,,
2021-02-16,1100.1,,,
2021-02-17,1107.5,,,
2021-02-18,1107.6,,,
2021-02-19,1105.9,,,
2021-02-22,1110.4,,,
2021-02-23,1110.6,,,
2021-02-24,1112.2,,,
2021-02-25,1107.8,,,
2021-02-26,1123.5,,,
2021-03-02,1124,,,
2021-03-03,1120.3,,,
2021-03-04,1125.1,,,
2021-03-05,1126.1,,,
2021-03-08,1133.2,,,
2021-03-09,1140.3,,,
2021-03-10,1142.7,,,
2021-03-11,1135.9,,,
2021-03-12,1133.8,,,
2021-03-15,1136.3,,,
2021-03-16,1129.7,,,
2021-03-17,1130.2,,,
2021-03-18,1123.7,,,
2021-03-19,1130.6,,,
2021-03-22,1128.4,,,
2021-03-23,1129.7,,,
2021-03-24,1133.6,,,
2021-03-25,1133.3,,,
2021-03-26,1129.3,,,
2021-03-29,1131.7,,,
2021-03-30,1133.6,,,
2021-03-31,1131.8,,,
2021-04-01,1131.9,,,
2021-04-02,1127.5,,,
2021-04-05,1127.7,,,
2021-04-06,1119.6,,,
2021-04-07,1116.3,,,
2021-04-08,1117.2,,,
2021-04-09,1121.2,,,
2021-04-12,1124.9,,,
2021-04-13,1125.9,,,
2021-04-14,1116.6,,,
2021-04-15,1117.6,,,
2021-04-16,1116.3,,,
2021-04-19,1117.2,,,
2021-04-20,1112.3,,,
2021-04-21,1118.6,,,
2021-04-22,1117.3,,,
2021-04-23,1117.8,,,
2021-04-26,1113.2,,,
2021-04-27,1110.4,,,
2021-04-28,1113,,,
2021-04-29,1108.2,,,
2021-04-30,1112.3,,,
2021-05-03,1124,,,
2021-05-04,1122.6,,,
2021-05-06,1125.8,,,
2021-05-07,1121.3,,,
2021-05-10,1113.8,,,
2021-05-11,1119.6,,,
2021-05-12,1124.7,,,
2021-05-13,1129.3,,,
2021-05-14,1128.6,,,
2021-05-17,1134.8,,,
2021-05-18,1130.5,,,
2021-05-20,1132,,,
2021-05-21,1127,,,
2021-05-24,1127.1,,,
2021-05-25,1122,,,
2021-05-26,1116.9,,,
2021-05-27,1118.1,,,
2021-05-28,1115.5,,,
2021-05-31,1110.9,,,
2021-06-01,1105.9,,,
2021-06-02,1113.3,,,
2021-06-03,1113.6,,,
2021-06-04,1116.5,,,
2021-06-07,1112.9,,,
2021-06-08,1114.2,,,
2021-06-09,1115.4,,,
2021-06-10,1115.8,,,
2021-06-11,1110.8,,,
2021-06-14,1116.7,,,
2021-06-15,1117,,,
2021-06-16,1117.2,,,
2021-06-17,1130.4,,,
2021-06-18,1132.3,,,
2021-06-21,1134.7,,,
2021-06-22,1131.9,,,
2021-06-23,1137.7,,,
2021-06-24,1134.9,,,
2021-06-25,1127.7,,,
2021-06-28,1130.3,,,
2021-06-29,1128.5,,,
2021-06-30,1126.1,,,
2021-07-01,1133.1,,,
2021-07-02,1135,,,
2021-07-05,1131.8,,,
2021-07-06,1129.7,,,
2021-07-07,1138.1,,,
2021-07-08,1145,,,
2021-07-09,1149.1,,,
2021-07-12,1147,,,
2021-07-13,1145.4,,,
2021-07-14,1148.5,,,
2021-07-15,1141.5,,,
2021-07-16,1139.5,,,
2021-07-19,1147.8,,,
2021-07-20,1150.4,,,
2021-07-21,1154,,,
2021-07-22,1149.9,,,
2021-07-23,1150.8,,,
2021-07-26,1155,,,
2021-07-27,1150.1,,,
2021-07-28,1154.6,,,
2021-07-29,1146.5,,,
2021-07-30,1150.3,,,
2021-08-02,1150.9,,,
2021-08-03,1148.3,,,
2021-08-04,1143.6,,,
2021-08-05,1143.7,,,
2021-08-06,1142.1,,,
2021-08-09,1144.3,,,
2021-08-10,1149.8,,,
2021-08-11,1156.4,,,
2021-08-12,1161.2,,,
2021-08-13,1169,,,
2021-08-17,1176.3,,,
2021-08-18,1168,,,
2021-08-19,1176.2,,,
2021-08-20,1179.6,,,
2021-08-23,1173.7,,,
2021-08-24,1165.6,,,
2021-08-25,1168.1,,,
2021-08-26,1170.5,,,
2021-08-27,1169.2,,,
2021-08-30,1167,,,
2021-08-31,1159.5,,,
2021-09-01,1157.2,,,
2021-09-02,1161.5,,,
2021-09-03,1157,,,
2021-09-06,1156.5,,,
2021-09-07,1157.8,,,
2021-09-08,1166.7,,,
2021-09-09,1169.2,,,
